Firstname;Lastname;Title;Department;Company;Branch;Manager;ADOU
Flemming; Kruse;IT-Chef;IT Afdeling;HEV;Gødstrup Sygehus;;
Helle; Jørgensen;Netværkstekniker;IT Afdeling;HEV;Gødstrup Sygehus;;
Anders; Jensen;Netværkstekniker;IT Afdeling;HEV;Gødstrup Sygehus;;
Knud; Passer ;Udvikler;IT Afdeling;HEV;Gødstrup Sygehus;;
Niels; Toft;Udvikler;IT Afdeling;HEV;Gødstrup Sygehus;;
Henry; Eriksen;Udvikler;IT Afdeling;HEV;Gødstrup Sygehus;;
Andreas; Klausen;IT-Supporter;IT Afdeling;HEV;Gødstrup Sygehus;;
Tove; Nilsson;IT-Supporter;IT Afdeling;HEV;Gødstrup Sygehus;;
Christoffer; Nørgaard;IT-Supporter;IT Afdeling;HEV;Gødstrup Sygehus;;
Ingeborg; Bertelsen;IT-Supporter;IT Afdeling;HEV;Gødstrup Sygehus;;
Sebastian; Schack ;IT-Supporter;IT Afdeling;HEV;Gødstrup Sygehus;;
Lone; Friis;IT-Supporter;IT Afdeling;HEV;Gødstrup Sygehus;;
Katrine; Krog;IT-Supporter;IT Afdeling;HEV;Gødstrup Sygehus;;
Magnus; Bjerre;IT-Supporter;IT Afdeling;HEV;Gødstrup Sygehus;;
Kurt; Ballin;IT-Supporter;IT Afdeling;HEV;Gødstrup Sygehus;;
Kurt; Kirkegaard;IT-Supporter;IT Afdeling;HEV;Gødstrup Sygehus;;
Otto; Strandberg;IT-Supporter;IT Afdeling;HEV;Gødstrup Sygehus;;
Peder; Bjerre;IT-Supporter;IT Afdeling;HEV;Gødstrup Sygehus;;
Egon; Christensen;IT-Supporter;IT Afdeling;HEV;Gødstrup Sygehus;;
Jørgen; Frische;IT-Supporter;IT Afdeling;HEV;Gødstrup Sygehus;;
Caroline; Jessen;IT-Supporter;IT Afdeling;HEV;Gødstrup Sygehus;;
Gorm; Lauritzen;IT-Supporter;IT Afdeling;HEV;Gødstrup Sygehus;;
Sebastian;Davidsen;Administrations Konsulent;Staben;HEV;Gødstrup Sygehus;;
Leif;Carlsen;Administrations Konsulent;Staben;HEV;Gødstrup Sygehus;;
Clara;Falk;Administrations Konsulent;Staben;HEV;Gødstrup Sygehus;;
Ingrid;Justesen;Administrations Konsulent;Staben;HEV;Gødstrup Sygehus;;
Grethe;Kjærgård;Administrations Konsulent;Staben;HEV;Gødstrup Sygehus;;
Line;Rasmussen;Administrations Konsulent;Staben;HEV;Gødstrup Sygehus;;
Josefine;Bertelsen;Administrations Konsulent;Staben;HEV;Gødstrup Sygehus;;
Mary;Topsøe;Administrations Konsulent;Staben;HEV;Gødstrup Sygehus;;
Marianne;Jepsen;Administrations Konsulent;Staben;HEV;Gødstrup Sygehus;;
Jakob;Danielsen;Administrations Konsulent;Staben;HEV;Gødstrup Sygehus;;
Marianne;Berthelsen;Administrations Konsulent;Staben;HEV;Gødstrup Sygehus;;
Ingeborg;Hemmingsen;Administrations Konsulent;Staben;HEV;Gødstrup Sygehus;;
Flemming;Eskildsen;Administrations Konsulent;Staben;HEV;Gødstrup Sygehus;;
Åge;Pedersen;Administrations Konsulent;Staben;HEV;Gødstrup Sygehus;;
Ole;Dam;Administrations Konsulent;Staben;HEV;Gødstrup Sygehus;;
Karina;Bundgård;Administrations Konsulent;Staben;HEV;Gødstrup Sygehus;;
Aage;Steen;Administrations Konsulent;Staben;HEV;Gødstrup Sygehus;;
Mikkel;Schrøder;Administrations Konsulent;Staben;HEV;Gødstrup Sygehus;;
Gitte;Meyer;Administrations Konsulent;Staben;HEV;Gødstrup Sygehus;;
Finn;Storm ;Administrations Konsulent;Staben;HEV;Gødstrup Sygehus;;
Mary;Bjerregaard;Administrations Konsulent;Staben;HEV;Gødstrup Sygehus;;
Inger;Pilmark;Administrations Konsulent;Staben;HEV;Gødstrup Sygehus;;
Line;Arendt;Administrations Konsulent;Staben;HEV;Gødstrup Sygehus;;
Bodil;Mogensen;Administrations Konsulent;Staben;HEV;Gødstrup Sygehus;;
Gitte;Ballin;Administrations Konsulent;Staben;HEV;Gødstrup Sygehus;;
Ida;Skov;Administrations Konsulent;Staben;HEV;Gødstrup Sygehus;;
Maja;Kramp;Administrations Konsulent;Staben;HEV;Gødstrup Sygehus;;
Gudrun;Krogh;Administrations Konsulent;Staben;HEV;Gødstrup Sygehus;;
Søren;Nørgaard;Administrations Konsulent;Staben;HEV;Gødstrup Sygehus;;
Frederik;Nielsen;Administrations Konsulent;Staben;HEV;Gødstrup Sygehus;;
Bjarne;Thomassen;Administrations Konsulent;Staben;HEV;Gødstrup Sygehus;;
Lis;Thomassen;Administrations Konsulent;Staben;HEV;Gødstrup Sygehus;;
Holger;Vestager;Administrations Konsulent;Staben;HEV;Gødstrup Sygehus;;
Lene;Andersen;Administrations Konsulent;Staben;HEV;Gødstrup Sygehus;;
Ida;Bjerre;Administrations Konsulent;Staben;HEV;Gødstrup Sygehus;;
Mathias;Petersen;Administrations Konsulent;Staben;HEV;Gødstrup Sygehus;;
Bjarne;Bertelsen;Administrations Konsulent;Staben;HEV;Gødstrup Sygehus;;
Lis;Østergaard;Administrations Konsulent;Staben;HEV;Gødstrup Sygehus;;
Tobias;Topsøe;Administrations Konsulent;Staben;HEV;Gødstrup Sygehus;;
Sebastian;Vestager;Administrations Konsulent;Staben;HEV;Gødstrup Sygehus;;
Henrik;Vestergård;Administrations Konsulent;Staben;HEV;Gødstrup Sygehus;;
Bente;Bisgård;Administrations Konsulent;Staben;HEV;Gødstrup Sygehus;;
Arne;Bak;Administrations Konsulent;Staben;HEV;Gødstrup Sygehus;;
Clara;Lorentzen;Administrations Konsulent;Staben;HEV;Gødstrup Sygehus;;
Malene;Petersen;Administrations Konsulent;Staben;HEV;Gødstrup Sygehus;;
Erik;Pedersen;Administrations Konsulent;Staben;HEV;Gødstrup Sygehus;;
Victor;Ravn;Administrations Konsulent;Staben;HEV;Gødstrup Sygehus;;
Paul;Bach;Administrations Konsulent;Staben;HEV;Gødstrup Sygehus;;
Gitte;Dalgård;Administrations Konsulent;Staben;HEV;Gødstrup Sygehus;;
Oliver;Karlsen;Administrations Konsulent;Staben;HEV;Gødstrup Sygehus;;
Otto;Bang;Administrations Konsulent;Staben;HEV;Gødstrup Sygehus;;
Ida;Bjerre;Administrations Konsulent;Staben;HEV;Gødstrup Sygehus;;
Finn;Bruun;Administrations Konsulent;Staben;HEV;Gødstrup Sygehus;;
Kasper;Jacobsen;Administrations Konsulent;Staben;HEV;Gødstrup Sygehus;;
Gorm;Engelstoft;Administrations Konsulent;Staben;HEV;Gødstrup Sygehus;;
Otto;Lund;Administrations Konsulent;Staben;HEV;Gødstrup Sygehus;;
Erna;Bundgaard;Administrations Konsulent;Staben;HEV;Gødstrup Sygehus;;
Kamilla;Svensson;Administrations Konsulent;Staben;HEV;Gødstrup Sygehus;;
Clara;Markussen;Administrations Konsulent;Staben;HEV;Gødstrup Sygehus;;
Kurt;Panum;Administrations Konsulent;Staben;HEV;Gødstrup Sygehus;;
Emma;Hedegaard;Administrations Konsulent;Staben;HEV;Gødstrup Sygehus;;
Ingeborg;Bertelsen;Administrations Konsulent;Staben;HEV;Gødstrup Sygehus;;
Preben;Thomassen;Administrations Konsulent;Staben;HEV;Gødstrup Sygehus;;
Mette;Kruse;Administrations Konsulent;Staben;HEV;Gødstrup Sygehus;;
Hanne;Frederiksen;Administrations Konsulent;Staben;HEV;Gødstrup Sygehus;;
Caroline;Eskildsen;Administrations Konsulent;Staben;HEV;Gødstrup Sygehus;;
Preben;Leth;Administrations Konsulent;Staben;HEV;Gødstrup Sygehus;;
Katrine;Bach;Administrations Konsulent;Staben;HEV;Gødstrup Sygehus;;
Anne;Gade;Administrations Konsulent;Staben;HEV;Gødstrup Sygehus;;
Karen;Hansen;Administrations Konsulent;Staben;HEV;Gødstrup Sygehus;;
Johanne;Passer ;Administrations Konsulent;Staben;HEV;Gødstrup Sygehus;;
Jan;Mouritsen;Administrations Konsulent;Staben;HEV;Gødstrup Sygehus;;
Johannes;Lauridsen;Administrations Konsulent;Staben;HEV;Gødstrup Sygehus;;
Signe;Thorø;Administrations Konsulent;Staben;HEV;Gødstrup Sygehus;;
Hanne;Lorentzen;Administrations Konsulent;Staben;HEV;Gødstrup Sygehus;;
Christian;Storm ;Administrations Konsulent;Staben;HEV;Gødstrup Sygehus;;
Per;Buch;Administrations Konsulent;Staben;HEV;Gødstrup Sygehus;;
Bent;Christiansen;Administrations Konsulent;Staben;HEV;Gødstrup Sygehus;;
Grethe;Sørensen;Administrations Konsulent;Staben;HEV;Gødstrup Sygehus;;
Bent;Heller;Administrations Konsulent;Staben;HEV;Gødstrup Sygehus;;
Freja;Bonde;Administrations Konsulent;Staben;HEV;Gødstrup Sygehus;;
Åge;Damgård;Administrations Konsulent;Staben;HEV;Gødstrup Sygehus;;
Henrik;Thygesen;Administrations Konsulent;Staben;HEV;Gødstrup Sygehus;;
Andreas;Sommer;Administrations Konsulent;Staben;HEV;Gødstrup Sygehus;;
Ellen;Frandsen;Administrations Konsulent;Staben;HEV;Gødstrup Sygehus;;
Karoline;Meinert;Administrations Konsulent;Staben;HEV;Gødstrup Sygehus;;
Emilie;Bundgård;Administrations Konsulent;Staben;HEV;Gødstrup Sygehus;;
Birgit;Rohde;Administrations Konsulent;Staben;HEV;Gødstrup Sygehus;;
Sebastian;Overgaard;Administrations Konsulent;Staben;HEV;Gødstrup Sygehus;;
Mathias;Lauritzen;Administrations Konsulent;Staben;HEV;Gødstrup Sygehus;;
Signe;Jespersen;Administrations Konsulent;Staben;HEV;Gødstrup Sygehus;;
Elisabeth;Hoffmann;Administrations Konsulent;Staben;HEV;Gødstrup Sygehus;;
Otto;Winther;Administrations Konsulent;Staben;HEV;Gødstrup Sygehus;;
Poul;Andreasen;Administrations Konsulent;Staben;HEV;Gødstrup Sygehus;;
Kristoffer;Hunnerup;Administrations Konsulent;Staben;HEV;Gødstrup Sygehus;;
Emma;Søgaard;Administrations Konsulent;Staben;HEV;Gødstrup Sygehus;;
Helene;Lund;Administrations Konsulent;Staben;HEV;Gødstrup Sygehus;;
Tove;Hoffmann;Administrations Konsulent;Staben;HEV;Gødstrup Sygehus;;
Mads;Carstensen;Administrations Konsulent;Staben;HEV;Gødstrup Sygehus;;
Freja;Holm;Administrations Konsulent;Staben;HEV;Gødstrup Sygehus;;
Anne;Mølgaard;Administrations Konsulent;Staben;HEV;Gødstrup Sygehus;;
Cecilie;Justesen;Administrations Konsulent;Staben;HEV;Gødstrup Sygehus;;
Kaj;Krog ;Administrations Konsulent;Staben;HEV;Gødstrup Sygehus;;
Anders;Dalgård;Administrations Konsulent;Staben;HEV;Gødstrup Sygehus;;
Maria;Bruun;Administrations Konsulent;Staben;HEV;Gødstrup Sygehus;;
Harald;Bjerregaard;Administrations Konsulent;Staben;HEV;Gødstrup Sygehus;;
Irene;Lauritsen;Administrations Konsulent;Staben;HEV;Gødstrup Sygehus;;
Mathilde;Gade;Administrations Konsulent;Staben;HEV;Gødstrup Sygehus;;
Michael;Kjærgaard;Administrations Konsulent;Staben;HEV;Gødstrup Sygehus;;
Leif;Bernstorff;Administrations Konsulent;Staben;HEV;Gødstrup Sygehus;;
Karen;Nikolajsen;Administrations Konsulent;Staben;HEV;Gødstrup Sygehus;;
Christian;Simonsen;Administrations Konsulent;Staben;HEV;Gødstrup Sygehus;;
Rasmus;Bjerregaard;Administrations Konsulent;Staben;HEV;Gødstrup Sygehus;;
Arne;Hemmingsen;Administrations Konsulent;Staben;HEV;Gødstrup Sygehus;;
Otto;Meinert;Administrations Konsulent;Staben;HEV;Gødstrup Sygehus;;
Charlotte;Michelsen;Administrations Konsulent;Staben;HEV;Gødstrup Sygehus;;
Bodil;Dybvad;Administrations Konsulent;Staben;HEV;Gødstrup Sygehus;;
Clara;Enevoldsen;Administrations Konsulent;Staben;HEV;Gødstrup Sygehus;;
Sebastian;Matthesen;Administrations Konsulent;Staben;HEV;Gødstrup Sygehus;;
Mathias;Villadsen;Administrations Konsulent;Staben;HEV;Gødstrup Sygehus;;
Poul;Michaelsen;Hospitalsdirektør;Hospitalsledelsen;HEV;Gødstrup Sygehus;;
Ida;Gotke;Sygeplejefaglig direktør;Hospitalsledelsen;HEV;Gødstrup Sygehus;;
Jens;Bak;Lægefaglig direktør;Hospitalsledelsen;HEV;Gødstrup Sygehus;;
Dea;Kehler;Ledende Overlæge;Akut;HEV;Gødstrup Sygehus;;
Mette;Frøjk;Ledende Oversygeplejeske;Akut;HEV;Gødstrup Sygehus;;
Ole;Juul;Sygeplejeske;Akut;HEV;Gødstrup Sygehus;;
Christoffer;Jakobsen;Sygeplejeske;Akut;HEV;Gødstrup Sygehus;;
Holger;Svendsen;Sygeplejeske;Akut;HEV;Gødstrup Sygehus;;
Kirstine;Henriksen;Sygeplejeske;Akut;HEV;Gødstrup Sygehus;;
Sofie;Meinert;Sygeplejeske;Akut;HEV;Gødstrup Sygehus;;
Ove;Steffensen;Sygeplejeske;Akut;HEV;Gødstrup Sygehus;;
Johannes;Munk;Sygeplejeske;Akut;HEV;Gødstrup Sygehus;;
Kim;Hjorth;Sygeplejeske;Akut;HEV;Gødstrup Sygehus;;
Inger;Bøttger;Sygeplejeske;Akut;HEV;Gødstrup Sygehus;;
Kamilla;Karlsen;Sygeplejeske;Akut;HEV;Gødstrup Sygehus;;
Lis;Hald;Sygeplejeske;Akut;HEV;Gødstrup Sygehus;;
Åge;Olsson;Sygeplejeske;Akut;HEV;Gødstrup Sygehus;;
Henrik;Schultz;Sygeplejeske;Akut;HEV;Gødstrup Sygehus;;
Anders;Mærsk;Sygeplejeske;Akut;HEV;Gødstrup Sygehus;;
Lene;Lund;Sygeplejeske;Akut;HEV;Gødstrup Sygehus;;
Christoffer;Buch;Sygeplejeske;Akut;HEV;Gødstrup Sygehus;;
Kasper;Brandt;Sygeplejeske;Akut;HEV;Gødstrup Sygehus;;
Aage;Petersen;Sygeplejeske;Akut;HEV;Gødstrup Sygehus;;
Bent;Mørk;Sygeplejeske;Akut;HEV;Gødstrup Sygehus;;
Egon;Petersen;Sygeplejeske;Akut;HEV;Gødstrup Sygehus;;
Lærke;Bendtsen;Sygeplejeske;Akut;HEV;Gødstrup Sygehus;;
Karoline;Larsen;Sygeplejeske;Akut;HEV;Gødstrup Sygehus;;
Kaj;Munk;Sygeplejeske;Akut;HEV;Gødstrup Sygehus;;
Niels;Hald;Sygeplejeske;Akut;HEV;Gødstrup Sygehus;;
Erna;Andersen;Sygeplejeske;Akut;HEV;Gødstrup Sygehus;;
Mathias;Troelsgaard;Sygeplejeske;Akut;HEV;Gødstrup Sygehus;;
Egon;Søndergård;Sygeplejeske;Akut;HEV;Gødstrup Sygehus;;
Harald;Dybvad;Sygeplejeske;Akut;HEV;Gødstrup Sygehus;;
Bodil;Winther;Sygeplejeske;Akut;HEV;Gødstrup Sygehus;;
Peter;Laursen;Sygeplejeske;Akut;HEV;Gødstrup Sygehus;;
Erna;Millang;Sygeplejeske;Akut;HEV;Gødstrup Sygehus;;
Birgitte;Topsøe;Sygeplejeske;Akut;HEV;Gødstrup Sygehus;;
Sofie;Schmidt;Sygeplejeske;Akut;HEV;Gødstrup Sygehus;;
Grethe;Bøttger;Sygeplejeske;Akut;HEV;Gødstrup Sygehus;;
Kristoffer;Hansen ;Sygeplejeske;Akut;HEV;Gødstrup Sygehus;;
Rasmus;Laursen;Sygeplejeske;Akut;HEV;Gødstrup Sygehus;;
Marianne;Enevoldsen;Sygeplejeske;Akut;HEV;Gødstrup Sygehus;;
Maria;Clausen;Sygeplejeske;Akut;HEV;Gødstrup Sygehus;;
Paul;Frederiksen;Sygeplejeske;Akut;HEV;Gødstrup Sygehus;;
Kristine;Rasmussen;Sygeplejeske;Akut;HEV;Gødstrup Sygehus;;
Helle;Schou;Sygeplejeske;Akut;HEV;Gødstrup Sygehus;;
Peder;Nygaard;Sygeplejeske;Akut;HEV;Gødstrup Sygehus;;
Amalie;Carstensen;Sygeplejeske;Akut;HEV;Gødstrup Sygehus;;
Thomas;Tvedebrink;Sygeplejeske;Akut;HEV;Gødstrup Sygehus;;
Leif;Kjærgård;Sygeplejeske;Akut;HEV;Gødstrup Sygehus;;
Anna;Paulsen;Sygeplejeske;Akut;HEV;Gødstrup Sygehus;;
Maria;Mølgård;Sygeplejeske;Akut;HEV;Gødstrup Sygehus;;
Kim;Kristiansen;Sygeplejeske;Akut;HEV;Gødstrup Sygehus;;
Lene;Krogh;Sygeplejeske;Akut;HEV;Gødstrup Sygehus;;
Kurt;Bak;Sygeplejeske;Akut;HEV;Gødstrup Sygehus;;
Hanne;Bjerre;Sygeplejeske;Akut;HEV;Gødstrup Sygehus;;
Bodil;Vestager;Sygeplejeske;Akut;HEV;Gødstrup Sygehus;;
Lars;Dybvad;Sygeplejeske;Akut;HEV;Gødstrup Sygehus;;
Morten;Lauritzen;Sygeplejeske;Akut;HEV;Gødstrup Sygehus;;
Kristian;Stokholm;Sygeplejeske;Akut;HEV;Gødstrup Sygehus;;
Jette;Beck;Sygeplejeske;Akut;HEV;Gødstrup Sygehus;;
Kamilla;Andersen;Sygeplejeske;Akut;HEV;Gødstrup Sygehus;;
Harald;Hermansen;Sygeplejeske;Akut;HEV;Gødstrup Sygehus;;
Else;Arendt;Sygeplejeske;Akut;HEV;Gødstrup Sygehus;;
Kaj;Bjørnholt;Sygeplejeske;Akut;HEV;Gødstrup Sygehus;;
Lone;Engelstoft;Sygeplejeske;Akut;HEV;Gødstrup Sygehus;;
Helene;Lund ;Sygeplejeske;Akut;HEV;Gødstrup Sygehus;;
Carl;Monrad;Sygeplejeske;Akut;HEV;Gødstrup Sygehus;;
Lone;Matthesen;Sygeplejeske;Akut;HEV;Gødstrup Sygehus;;
Torben;Lange;Sygeplejeske;Akut;HEV;Gødstrup Sygehus;;
Ole;Karlsen;Sygeplejeske;Akut;HEV;Gødstrup Sygehus;;
Bodil;Gade;Sygeplejeske;Akut;HEV;Gødstrup Sygehus;;
Pelle;Albæk;Sygeplejeske;Akut;HEV;Gødstrup Sygehus;;
Kamilla;Mølgård;Sygeplejeske;Akut;HEV;Gødstrup Sygehus;;
Alfred;Storm ;Sygeplejeske;Akut;HEV;Gødstrup Sygehus;;
Knud;Pedersen;Sygeplejeske;Akut;HEV;Gødstrup Sygehus;;
Svend;Østergaard;Sygeplejeske;Akut;HEV;Gødstrup Sygehus;;
Joachim;Bundgaard;Sygeplejeske;Akut;HEV;Gødstrup Sygehus;;
Daniel;Madsen;Sygeplejeske;Akut;HEV;Gødstrup Sygehus;;
Inge;Thorø;Sygeplejeske;Akut;HEV;Gødstrup Sygehus;;
Daniel;Carstensen;Sygeplejeske;Akut;HEV;Gødstrup Sygehus;;
Ingeborg;Johansen;Sygeplejeske;Akut;HEV;Gødstrup Sygehus;;
Henning;Nielsen;Sygeplejeske;Akut;HEV;Gødstrup Sygehus;;
Karina;Thomsen;Sygeplejeske;Akut;HEV;Gødstrup Sygehus;;
Freja;Matthesen;Sygeplejeske;Akut;HEV;Gødstrup Sygehus;;
Jette;Hjortshøj;Sygeplejeske;Akut;HEV;Gødstrup Sygehus;;
Grethe;Hemmingsen;Sygeplejeske;Akut;HEV;Gødstrup Sygehus;;
Marcus;Larsen;Sygeplejeske;Akut;HEV;Gødstrup Sygehus;;
Anne;Villadsen;Sygeplejeske;Akut;HEV;Gødstrup Sygehus;;
Jørgen;Carstensen;Sygeplejeske;Akut;HEV;Gødstrup Sygehus;;
Preben;Kjeldsen;Sygeplejeske;Akut;HEV;Gødstrup Sygehus;;
Grethe;Klausen;Sygeplejeske;Akut;HEV;Gødstrup Sygehus;;
Kaj;Birch;Sygeplejeske;Akut;HEV;Gødstrup Sygehus;;
Bodil;Sørensen;Sygeplejeske;Akut;HEV;Gødstrup Sygehus;;
Kasper;Bøttger;Sygeplejeske;Akut;HEV;Gødstrup Sygehus;;
Amalie;Bruun;Sygeplejeske;Akut;HEV;Gødstrup Sygehus;;
Thomas;Sørensen;Sygeplejeske;Akut;HEV;Gødstrup Sygehus;;
Paul;Ballin;Sygeplejeske;Akut;HEV;Gødstrup Sygehus;;
Kamilla;Schrøder;Sygeplejeske;Akut;HEV;Gødstrup Sygehus;;
Egon;Kramp;Sygeplejeske;Akut;HEV;Gødstrup Sygehus;;
Kristian;Fischer;Sygeplejeske;Akut;HEV;Gødstrup Sygehus;;
Joachim;Olsen;Sygeplejeske;Akut;HEV;Gødstrup Sygehus;;
Jan;Meinert;Sygeplejeske;Akut;HEV;Gødstrup Sygehus;;
Lucas;Vestergaard;Sygeplejeske;Akut;HEV;Gødstrup Sygehus;;
Anne;Bertelsen;Sygeplejeske;Akut;HEV;Gødstrup Sygehus;;
Mathias;Møller;Sygeplejeske;Akut;HEV;Gødstrup Sygehus;;
Victor;Lorentzen;Sygeplejeske;Akut;HEV;Gødstrup Sygehus;;
Elisabeth;Thorø;Sygeplejeske;Akut;HEV;Gødstrup Sygehus;;
Marie;Thorø;Sygeplejeske;Akut;HEV;Gødstrup Sygehus;;
Margrethe;Klausen;Sygeplejeske;Akut;HEV;Gødstrup Sygehus;;
Kaj;Michelsen;Sygeplejeske;Akut;HEV;Gødstrup Sygehus;;
Henry;Nikolajsen;Sygeplejeske;Akut;HEV;Gødstrup Sygehus;;
Anders;Søgaard;Sygeplejeske;Akut;HEV;Gødstrup Sygehus;;
Marianne;Jessen;Sygeplejeske;Akut;HEV;Gødstrup Sygehus;;
Mary;Meinert;Sygeplejeske;Akut;HEV;Gødstrup Sygehus;;
Erik;Berendsen;Sygeplejeske;Akut;HEV;Gødstrup Sygehus;;
Emma;Buhr;Sygeplejeske;Akut;HEV;Gødstrup Sygehus;;
Michael;Bjerregaard;Sygeplejeske;Akut;HEV;Gødstrup Sygehus;;
Johannes;Prahl;Sygeplejeske;Akut;HEV;Gødstrup Sygehus;;
Lise;Kristensen;Sygeplejeske;Akut;HEV;Gødstrup Sygehus;;
Børge;Westermann;Sygeplejeske;Akut;HEV;Gødstrup Sygehus;;
Abel;Hjortshøj;Sygeplejeske;Akut;HEV;Gødstrup Sygehus;;
Niels;Jakobsen;Sygeplejeske;Akut;HEV;Gødstrup Sygehus;;
Henry;Hoffmann;Sygeplejeske;Akut;HEV;Gødstrup Sygehus;;
Kim;Olsen;Sygeplejeske;Akut;HEV;Gødstrup Sygehus;;
Helene;Mørk;Sygeplejeske;Akut;HEV;Gødstrup Sygehus;;
Johanne;Leth;Sygeplejeske;Akut;HEV;Gødstrup Sygehus;;
Niels;Buch;Sygeplejeske;Akut;HEV;Gødstrup Sygehus;;
Mikkel;Svendsen;Sygeplejeske;Akut;HEV;Gødstrup Sygehus;;
Sebastian;Bjerre;Sygeplejeske;Akut;HEV;Gødstrup Sygehus;;
Tobias;Danielsen;Sygeplejeske;Akut;HEV;Gødstrup Sygehus;;
Edith;Iversen;Sygeplejeske;Akut;HEV;Gødstrup Sygehus;;
Marie;Jacobsen;Sygeplejeske;Akut;HEV;Gødstrup Sygehus;;
Mikkel;Overgård;Sygeplejeske;Akut;HEV;Gødstrup Sygehus;;
Michael;Schou;Sygeplejeske;Akut;HEV;Gødstrup Sygehus;;
Charlotte;Bertelsen;Sygeplejeske;Akut;HEV;Gødstrup Sygehus;;
Louise;Thorsen;Sygeplejeske;Akut;HEV;Gødstrup Sygehus;;
Pia;Bruun;Sygeplejeske;Akut;HEV;Gødstrup Sygehus;;
Oluf;Thøgersen;Sygeplejeske;Akut;HEV;Gødstrup Sygehus;;
Hans;Schultz;Sygeplejeske;Akut;HEV;Gødstrup Sygehus;;
Sebastian;Jakobsen;Sygeplejeske;Akut;HEV;Gødstrup Sygehus;;
Irene;Bundgård;Sygeplejeske;Akut;HEV;Gødstrup Sygehus;;
Gorm;Frost;Sygeplejeske;Akut;HEV;Gødstrup Sygehus;;
Johanne;Nørgård;Sygeplejeske;Akut;HEV;Gødstrup Sygehus;;
Hans;Topsøe;Sygeplejeske;Akut;HEV;Gødstrup Sygehus;;
Knud;Matthesen;Sygeplejeske;Akut;HEV;Gødstrup Sygehus;;
Line;Christiansen;Sygeplejeske;Akut;HEV;Gødstrup Sygehus;;
Silke;Mathiesen;Sygeplejeske;Akut;HEV;Gødstrup Sygehus;;
Mette;Arreborg;Sygeplejeske;Akut;HEV;Gødstrup Sygehus;;
Jakob;Schultz;Sygeplejeske;Akut;HEV;Gødstrup Sygehus;;
Lis;Kofoed;Sygeplejeske;Akut;HEV;Gødstrup Sygehus;;
Emma;Dalsgaard;Sygeplejeske;Akut;HEV;Gødstrup Sygehus;;
Maria;Tvedebrink;Sygeplejeske;Akut;HEV;Gødstrup Sygehus;;
Erna;FuhlenDorff;Sygeplejeske;Akut;HEV;Gødstrup Sygehus;;
Kim;Svendsen;Sygeplejeske;Akut;HEV;Gødstrup Sygehus;;
John;Thomassen;Sygeplejeske;Akut;HEV;Gødstrup Sygehus;;
Kasper;Jeppesen;Sygeplejeske;Akut;HEV;Gødstrup Sygehus;;
Viggo;Damgård;Sygeplejeske;Akut;HEV;Gødstrup Sygehus;;
Johanne;Hald;Sygeplejeske;Akut;HEV;Gødstrup Sygehus;;
Flemming;Olsson;Sygeplejeske;Akut;HEV;Gødstrup Sygehus;;
Tobias;Svendsen;Sygeplejeske;Akut;HEV;Gødstrup Sygehus;;
Mikkel;Stokholm;Sygeplejeske;Akut;HEV;Gødstrup Sygehus;;
Freja;Carstensen;Sygeplejeske;Akut;HEV;Gødstrup Sygehus;;
Julie;Thomassen;Sygeplejeske;Akut;HEV;Gødstrup Sygehus;;
Karina;Buhr;Sygeplejeske;Akut;HEV;Gødstrup Sygehus;;
Nikolaj;Steenstrup;Sygeplejeske;Akut;HEV;Gødstrup Sygehus;;
Christine;Bach;Sygeplejeske;Akut;HEV;Gødstrup Sygehus;;
Julie;Mølgård;Sygeplejeske;Akut;HEV;Gødstrup Sygehus;;
Per;Juul;Sygeplejeske;Akut;HEV;Gødstrup Sygehus;;
Birgitte;Kjær;Sygeplejeske;Akut;HEV;Gødstrup Sygehus;;
Klara;Nilsson;Sygeplejeske;Akut;HEV;Gødstrup Sygehus;;
Andreas;Nørgård;Sygeplejeske;Akut;HEV;Gødstrup Sygehus;;
Sebastian;Laursen;Sygeplejeske;Akut;HEV;Gødstrup Sygehus;;
Kaj;Svensson;Sygeplejeske;Akut;HEV;Gødstrup Sygehus;;
Maria;Toft;Sygeplejeske;Akut;HEV;Gødstrup Sygehus;;
Valdemar;Dahl;Sygeplejeske;Akut;HEV;Gødstrup Sygehus;;
Jens;Strandberg;Sygeplejeske;Akut;HEV;Gødstrup Sygehus;;
Christian;Carstensen;Sygeplejeske;Akut;HEV;Gødstrup Sygehus;;
Jonas;Danielsen;Sygeplejeske;Akut;HEV;Gødstrup Sygehus;;
Oluf;Huneke;Sygeplejeske;Akut;HEV;Gødstrup Sygehus;;
Cecilie;Munk;Sygeplejeske;Akut;HEV;Gødstrup Sygehus;;
Kristine;Overgård;Sygeplejeske;Akut;HEV;Gødstrup Sygehus;;
Victor;Strandberg;Sygeplejeske;Akut;HEV;Gødstrup Sygehus;;
Knud;Tvedebrink;Sygeplejeske;Akut;HEV;Gødstrup Sygehus;;
Mathilde;Paulsen;Sygeplejeske;Akut;HEV;Gødstrup Sygehus;;
Charlotte;Meyer;Sygeplejeske;Akut;HEV;Gødstrup Sygehus;;
Alfred;Clausen;Sygeplejeske;Akut;HEV;Gødstrup Sygehus;;
Ole;Kjærgård;Sygeplejeske;Akut;HEV;Gødstrup Sygehus;;
Ingrid;Mikkelsen;Sygeplejeske;Akut;HEV;Gødstrup Sygehus;;
Pelle;Lund;Sygeplejeske;Akut;HEV;Gødstrup Sygehus;;
Arne;Damgård;Sygeplejeske;Akut;HEV;Gødstrup Sygehus;;
Camilla;Toft;Sygeplejeske;Akut;HEV;Gødstrup Sygehus;;
Elisabeth;Hougaard;Sygeplejeske;Akut;HEV;Gødstrup Sygehus;;
Cecilie;Persson;Sygeplejeske;Akut;HEV;Gødstrup Sygehus;;
Anders;Storm ;Sygeplejeske;Akut;HEV;Gødstrup Sygehus;;
Inge;Strandberg;Sygeplejeske;Akut;HEV;Gødstrup Sygehus;;
Kim;Sloth;Sygeplejeske;Akut;HEV;Gødstrup Sygehus;;
Birgit;Jørgensen;Sygeplejeske;Akut;HEV;Gødstrup Sygehus;;
Edith;Jespersen;Sygeplejeske;Akut;HEV;Gødstrup Sygehus;;
Paul;Stokholm;Sygeplejeske;Akut;HEV;Gødstrup Sygehus;;
Julie;Munk;Sygeplejeske;Akut;HEV;Gødstrup Sygehus;;
Hanne;Persson;Sygeplejeske;Akut;HEV;Gødstrup Sygehus;;
Charlotte;Hougaard;Sygeplejeske;Akut;HEV;Gødstrup Sygehus;;
Karoline;Lassen;Sygeplejeske;Akut;HEV;Gødstrup Sygehus;;
Karina;Meinert;Sygeplejeske;Akut;HEV;Gødstrup Sygehus;;
Maja;Mouritsen;Sygeplejeske;Akut;HEV;Gødstrup Sygehus;;
Birgitte;Krog;Sygeplejeske;Akut;HEV;Gødstrup Sygehus;;
Margrethe;Andreasen;Sygeplejeske;Akut;HEV;Gødstrup Sygehus;;
Mogens;Kretz;Sygeplejeske;Akut;HEV;Gødstrup Sygehus;;
Daniel;Clausen;Sygeplejeske;Akut;HEV;Gødstrup Sygehus;;
Kristoffer;Kristoffersen;Sygeplejeske;Akut;HEV;Gødstrup Sygehus;;
Gitte;Michelsen;Sygeplejeske;Akut;HEV;Gødstrup Sygehus;;
Niels;Lind;Sygeplejeske;Akut;HEV;Gødstrup Sygehus;;
Vibeke;Topsøe;Sygeplejeske;Akut;HEV;Gødstrup Sygehus;;
Bent;Nissen;Sygeplejeske;Akut;HEV;Gødstrup Sygehus;;
Åge;Dam;Sygeplejeske;Akut;HEV;Gødstrup Sygehus;;
Morten;Hald;Sygeplejeske;Akut;HEV;Gødstrup Sygehus;;
Irene;Jacobsen;Sygeplejeske;Akut;HEV;Gødstrup Sygehus;;
Kirsten;Paulsen;Sygeplejeske;Akut;HEV;Gødstrup Sygehus;;
Christine;Olsen;Sygeplejeske;Akut;HEV;Gødstrup Sygehus;;
Rasmus;Bertelsen;Sygeplejeske;Akut;HEV;Gødstrup Sygehus;;
Ole;Kristoffersen;Sygeplejeske;Akut;HEV;Gødstrup Sygehus;;
Ingeborg;Hviid;Sygeplejeske;Akut;HEV;Gødstrup Sygehus;;
Victor;Persson;Sygeplejeske;Akut;HEV;Gødstrup Sygehus;;
Lise;Carlsen;Sygeplejeske;Akut;HEV;Gødstrup Sygehus;;
Tove;Ballin;Sygeplejeske;Akut;HEV;Gødstrup Sygehus;;
Gudrun;Dybdahl;Sygeplejeske;Akut;HEV;Gødstrup Sygehus;;
Susanne;Lauridsen;Sygeplejeske;Akut;HEV;Gødstrup Sygehus;;
Emilie;Bonde;Sygeplejeske;Akut;HEV;Gødstrup Sygehus;;
Birgitte;Davidsen;Sygeplejeske;Akut;HEV;Gødstrup Sygehus;;
Jakob;Jepsen;Sygeplejeske;Akut;HEV;Gødstrup Sygehus;;
Tobias;Nilsson;Sygeplejeske;Akut;HEV;Gødstrup Sygehus;;
Jakob;Paulsen;Sygeplejeske;Akut;HEV;Gødstrup Sygehus;;
Agnes;Lund;Sygeplejeske;Akut;HEV;Gødstrup Sygehus;;
Sten;Michelsen;Sygeplejeske;Akut;HEV;Gødstrup Sygehus;;
Lucas;Schmidt;Sygeplejeske;Akut;HEV;Gødstrup Sygehus;;
Lene;Nissen;Sygeplejeske;Akut;HEV;Gødstrup Sygehus;;
Kristoffer;Svendsen;Sygeplejeske;Akut;HEV;Gødstrup Sygehus;;
Malene;Berg;Sygeplejeske;Akut;HEV;Gødstrup Sygehus;;
Jacob;Schou;Sygeplejeske;Akut;HEV;Gødstrup Sygehus;;
Inge;Huneke;Sygeplejeske;Akut;HEV;Gødstrup Sygehus;;
Ellen;Østergaard;Sygeplejeske;Akut;HEV;Gødstrup Sygehus;;
Gerda;Dyrholm;Sygeplejeske;Akut;HEV;Gødstrup Sygehus;;
Kim;Tvedebrink;Sygeplejeske;Akut;HEV;Gødstrup Sygehus;;
Klara;Damgård;Sygeplejeske;Akut;HEV;Gødstrup Sygehus;;
Gorm;Bundgård;Sygeplejeske;Akut;HEV;Gødstrup Sygehus;;
Hanne;Borg;Sygeplejeske;Akut;HEV;Gødstrup Sygehus;;
Carl;Schack ;Sygeplejeske;Akut;HEV;Gødstrup Sygehus;;
Ingeborg;Markussen;Sygeplejeske;Akut;HEV;Gødstrup Sygehus;;
Åse;Hjorth;Sygeplejeske;Akut;HEV;Gødstrup Sygehus;;
Martin;Hald;Sygeplejeske;Akut;HEV;Gødstrup Sygehus;;
Ida;Albæk;Sygeplejeske;Akut;HEV;Gødstrup Sygehus;;
Katrine;Nygård;Sygeplejeske;Akut;HEV;Gødstrup Sygehus;;
Jonas;Nielsen;Sygeplejeske;Akut;HEV;Gødstrup Sygehus;;
Anne;Dybdahl;Sygeplejeske;Akut;HEV;Gødstrup Sygehus;;
Joachim;Monrad;Sygeplejeske;Akut;HEV;Gødstrup Sygehus;;
Valdemar;Lind;Sygeplejeske;Akut;HEV;Gødstrup Sygehus;;
John;Sørensen;Sygeplejeske;Akut;HEV;Gødstrup Sygehus;;
Lene;Gade;Sygeplejeske;Akut;HEV;Gødstrup Sygehus;;
Karen;Markussen;Sygeplejeske;Akut;HEV;Gødstrup Sygehus;;
Lene;Brøgger;Sygeplejeske;Akut;HEV;Gødstrup Sygehus;;
Kurt;Mathiesen;Sygeplejeske;Akut;HEV;Gødstrup Sygehus;;
Klara;Christoffersen;Sygeplejeske;Akut;HEV;Gødstrup Sygehus;;
Svend;Dalgård;Sygeplejeske;Akut;HEV;Gødstrup Sygehus;;
Lucas;Søgård;Sygeplejeske;Akut;HEV;Gødstrup Sygehus;;
Michael;Mogensen;Sygeplejeske;Akut;HEV;Gødstrup Sygehus;;
Clara;Bisgaard;Sygeplejeske;Akut;HEV;Gødstrup Sygehus;;
Henrik;Mølgård;Sygeplejeske;Akut;HEV;Gødstrup Sygehus;;
Ulla;Koch;Sygeplejeske;Akut;HEV;Gødstrup Sygehus;;
Viggo;Bjørnholt;Sygeplejeske;Akut;HEV;Gødstrup Sygehus;;
Margrethe;Christiansen;Sygeplejeske;Akut;HEV;Gødstrup Sygehus;;
Kamilla;Bisgård;Sygeplejeske;Akut;HEV;Gødstrup Sygehus;;
Michael;Munk;Sygeplejeske;Akut;HEV;Gødstrup Sygehus;;
Ole;Winther;Sygeplejeske;Akut;HEV;Gødstrup Sygehus;;
Pernille;Heller;Sygeplejeske;Akut;HEV;Gødstrup Sygehus;;
Ulla;Buhr;Sygeplejeske;Akut;HEV;Gødstrup Sygehus;;
Emma;Jørgensen;Sygeplejeske;Akut;HEV;Gødstrup Sygehus;;
Åge;Ranthe;Sygeplejeske;Akut;HEV;Gødstrup Sygehus;;
Christoffer;Kjeldsen;Sygeplejeske;Akut;HEV;Gødstrup Sygehus;;
Ellen;Hunnerup;Sygeplejeske;Akut;HEV;Gødstrup Sygehus;;
Lene;Møller;Sygeplejeske;Akut;HEV;Gødstrup Sygehus;;
Ole;Hald;Sygeplejeske;Akut;HEV;Gødstrup Sygehus;;
Susanne;Mathiesen;Sygeplejeske;Akut;HEV;Gødstrup Sygehus;;
Jette;Thygesen;Sygeplejeske;Akut;HEV;Gødstrup Sygehus;;
Bente;Krog ;Sygeplejeske;Akut;HEV;Gødstrup Sygehus;;
Åge;Simonsen;Sygeplejeske;Akut;HEV;Gødstrup Sygehus;;
Åge;Hunnerup;Sygeplejeske;Akut;HEV;Gødstrup Sygehus;;
Michael;Nissen;Sygeplejeske;Akut;HEV;Gødstrup Sygehus;;
Mathilde;Rasmussen;Sygeplejeske;Akut;HEV;Gødstrup Sygehus;;
Camilla;Buch;Sygeplejeske;Akut;HEV;Gødstrup Sygehus;;
Henrik;Iversen;Sygeplejeske;Akut;HEV;Gødstrup Sygehus;;
Birte;Hansen;Sygeplejeske;Akut;HEV;Gødstrup Sygehus;;
Maria;Kretz;Sygeplejeske;Akut;HEV;Gødstrup Sygehus;;
Søren;Monrad;Sygeplejeske;Akut;HEV;Gødstrup Sygehus;;
Jakob;Lange;Sygeplejeske;Akut;HEV;Gødstrup Sygehus;;
Anders;Mouritsen;Sygeplejeske;Akut;HEV;Gødstrup Sygehus;;
Kirsten;Steffensen;Sygeplejeske;Akut;HEV;Gødstrup Sygehus;;
Christian;Huneke;Sygeplejeske;Akut;HEV;Gødstrup Sygehus;;
Karina;Thorsen;Sygeplejeske;Akut;HEV;Gødstrup Sygehus;;
Inge;Bjerregaard;Sygeplejeske;Akut;HEV;Gødstrup Sygehus;;
Emilie;Nikolajsen;Sygeplejeske;Akut;HEV;Gødstrup Sygehus;;
Freja;Frandsen;Sygeplejeske;Akut;HEV;Gødstrup Sygehus;;
Tove;Jensen;Sygeplejeske;Akut;HEV;Gødstrup Sygehus;;
Rasmus;Svensson;Sygeplejeske;Akut;HEV;Gødstrup Sygehus;;
Viggo;Ravn;Sygeplejeske;Akut;HEV;Gødstrup Sygehus;;
Pia;Mathiesen;Sygeplejeske;Akut;HEV;Gødstrup Sygehus;;
Clara;Buhr;Sygeplejeske;Akut;HEV;Gødstrup Sygehus;;
Jakob;Kramp;Sygeplejeske;Akut;HEV;Gødstrup Sygehus;;
Mette;Hunnerup;Sygeplejeske;Akut;HEV;Gødstrup Sygehus;;
Grethe;Juul;Sygeplejeske;Akut;HEV;Gødstrup Sygehus;;
Emma;Bisgård;Sygeplejeske;Akut;HEV;Gødstrup Sygehus;;
Frederik;Petersen;Sygeplejeske;Akut;HEV;Gødstrup Sygehus;;
Jette;Søltoft;Sygeplejeske;Akut;HEV;Gødstrup Sygehus;;
Jesper;Østergård;Sygeplejeske;Akut;HEV;Gødstrup Sygehus;;
Erna;Johansen;Sygeplejeske;Akut;HEV;Gødstrup Sygehus;;
Jonas;Olsson;Sygeplejeske;Akut;HEV;Gødstrup Sygehus;;
Flemming;Birch;Sygeplejeske;Akut;HEV;Gødstrup Sygehus;;
Otto;Strandberg;Sygeplejeske;Akut;HEV;Gødstrup Sygehus;;
Birgit;Mølgård;Sygeplejeske;Akut;HEV;Gødstrup Sygehus;;
Susanne;Arreborg;Sygeplejeske;Akut;HEV;Gødstrup Sygehus;;
Harald;Riis;Sygeplejeske;Akut;HEV;Gødstrup Sygehus;;
Frederik;Brøgger;Sygeplejeske;Akut;HEV;Gødstrup Sygehus;;
Poul;Krog;Sygeplejeske;Akut;HEV;Gødstrup Sygehus;;
Charlotte;Thorsen;Sygeplejeske;Akut;HEV;Gødstrup Sygehus;;
Ellen;Arreborg;Sygeplejeske;Akut;HEV;Gødstrup Sygehus;;
Gorm;Olsen;Sygeplejeske;Akut;HEV;Gødstrup Sygehus;;
Kasper;Stokholm;Sygeplejeske;Akut;HEV;Gødstrup Sygehus;;
Julie;Michelsen;Sygeplejeske;Akut;HEV;Gødstrup Sygehus;;
Helle;Justesen;Sygeplejeske;Akut;HEV;Gødstrup Sygehus;;
Laura;Jørgensen;Sygeplejeske;Akut;HEV;Gødstrup Sygehus;;
Lars;Frederiksen;Sygeplejeske;Akut;HEV;Gødstrup Sygehus;;
Karina;Bach;Sygeplejeske;Akut;HEV;Gødstrup Sygehus;;
Gerda;Olsen;Sygeplejeske;Akut;HEV;Gødstrup Sygehus;;
Viggo;Meyer;Sygeplejeske;Akut;HEV;Gødstrup Sygehus;;
Camilla;Krogh;Læge;Akut;HEV;Gødstrup Sygehus;;
Hans;Danielsen;Læge;Akut;HEV;Gødstrup Sygehus;;
Lene;Caspersen;Læge;Akut;HEV;Gødstrup Sygehus;;
Mathilde;Hansen ;Læge;Akut;HEV;Gødstrup Sygehus;;
Ingrid;Nørgaard;Læge;Akut;HEV;Gødstrup Sygehus;;
Elisabeth;Frost;Læge;Akut;HEV;Gødstrup Sygehus;;
Henry;Vestager;Læge;Akut;HEV;Gødstrup Sygehus;;
Mikkel;Asmussen;Læge;Akut;HEV;Gødstrup Sygehus;;
Kirsten;Nørgård;Læge;Akut;HEV;Gødstrup Sygehus;;
Edith;Mortensen;Læge;Akut;HEV;Gødstrup Sygehus;;
Ulla;Andersen;Læge;Akut;HEV;Gødstrup Sygehus;;
Mogens;Dybdahl;Læge;Akut;HEV;Gødstrup Sygehus;;
Mathilde;Skov;Læge;Akut;HEV;Gødstrup Sygehus;;
Jette;Thøgersen;Læge;Akut;HEV;Gødstrup Sygehus;;
Erik;Hansen;Læge;Akut;HEV;Gødstrup Sygehus;;
Charlotte;Ranthe;Læge;Akut;HEV;Gødstrup Sygehus;;
Holger;Mogensen;Læge;Akut;HEV;Gødstrup Sygehus;;
Jens;Albæk;Læge;Akut;HEV;Gødstrup Sygehus;;
Egon;Schou;Læge;Akut;HEV;Gødstrup Sygehus;;
Anders;Hermansen;Læge;Akut;HEV;Gødstrup Sygehus;;
Åse;Bonde;Læge;Akut;HEV;Gødstrup Sygehus;;
Kamilla;Leth;Læge;Akut;HEV;Gødstrup Sygehus;;
Jacob;Persson;Læge;Akut;HEV;Gødstrup Sygehus;;
Abel;Meinert;Læge;Akut;HEV;Gødstrup Sygehus;;
Kim;Lassen;Læge;Akut;HEV;Gødstrup Sygehus;;
Knud;Meyer;Læge;Akut;HEV;Gødstrup Sygehus;;
Malene;Mølgård;Læge;Akut;HEV;Gødstrup Sygehus;;
Emilie;Jacobsen;Læge;Akut;HEV;Gødstrup Sygehus;;
Jakob;Andersen;Læge;Akut;HEV;Gødstrup Sygehus;;
Caroline;Kjærsgaard;Læge;Akut;HEV;Gødstrup Sygehus;;
Gorm;Kjeldsen;Læge;Akut;HEV;Gødstrup Sygehus;;
Alfred;Bjerregaard;Læge;Akut;HEV;Gødstrup Sygehus;;
Sebastian;Falk;Læge;Akut;HEV;Gødstrup Sygehus;;
Preben;Christoffersen;Læge;Akut;HEV;Gødstrup Sygehus;;
Christian;Birch;Læge;Akut;HEV;Gødstrup Sygehus;;
Bente;Asmussen;Læge;Akut;HEV;Gødstrup Sygehus;;
Knud;Svensson;Læge;Akut;HEV;Gødstrup Sygehus;;
Valdemar;Panum;Læge;Akut;HEV;Gødstrup Sygehus;;
Åse;Mortensen;Læge;Akut;HEV;Gødstrup Sygehus;;
Irene;Bendtsen;Læge;Akut;HEV;Gødstrup Sygehus;;
Malene;Kragh;Læge;Akut;HEV;Gødstrup Sygehus;;
Ingrid;Svensson;Læge;Akut;HEV;Gødstrup Sygehus;;
Rasmus;Pedersen;Læge;Akut;HEV;Gødstrup Sygehus;;
Lis;Solberg;Læge;Akut;HEV;Gødstrup Sygehus;;
Thomas;Schmidt;Læge;Akut;HEV;Gødstrup Sygehus;;
Helene;Mærsk;Læge;Akut;HEV;Gødstrup Sygehus;;
Carl;Lauritzen;Læge;Akut;HEV;Gødstrup Sygehus;;
Henrik;Frost;Læge;Akut;HEV;Gødstrup Sygehus;;
Kaj;Prahl;Læge;Akut;HEV;Gødstrup Sygehus;;
Jette;Bisgård;Læge;Akut;HEV;Gødstrup Sygehus;;
Bjarne;Kallesoe;Læge;Akut;HEV;Gødstrup Sygehus;;
Hanne;Sloth;Læge;Akut;HEV;Gødstrup Sygehus;;
Ole;Brandt;Læge;Akut;HEV;Gødstrup Sygehus;;
Morten;Østergaard;Læge;Akut;HEV;Gødstrup Sygehus;;
Oliver;Westermann;Læge;Akut;HEV;Gødstrup Sygehus;;
Ole;Kruse;Læge;Akut;HEV;Gødstrup Sygehus;;
John;Sommer;Læge;Akut;HEV;Gødstrup Sygehus;;
Camilla;Kjeldsen;Læge;Akut;HEV;Gødstrup Sygehus;;
Christoffer;Nielsen;Læge;Akut;HEV;Gødstrup Sygehus;;
Knud;Carlsen;Læge;Akut;HEV;Gødstrup Sygehus;;
Erna;Sommer;Læge;Akut;HEV;Gødstrup Sygehus;;
Mary;Davidsen;Læge;Akut;HEV;Gødstrup Sygehus;;
Mathilde;Kessler;Læge;Akut;HEV;Gødstrup Sygehus;;
Kristoffer;Dalgård;Læge;Akut;HEV;Gødstrup Sygehus;;
Mary;Lange;Læge;Akut;HEV;Gødstrup Sygehus;;
Hanne;Østergaard;Læge;Akut;HEV;Gødstrup Sygehus;;
Jonas;Gade;Læge;Akut;HEV;Gødstrup Sygehus;;
Ingrid;Talbot;Læge;Akut;HEV;Gødstrup Sygehus;;
Helene;Øgendahl;Læge;Akut;HEV;Gødstrup Sygehus;;
Christian;Andreasen;Ledende Overlæge;AmbuFlex;HEV;Gødstrup Sygehus;;
Pia;Poulsen;Ledende Oversygeplejeske;AmbuFlex;HEV;Gødstrup Sygehus;;
Christian;Andreasen;Ambulancebehandler;AmbuFlex;HEV;Gødstrup Sygehus;;
Paul;Dam;Ambulancebehandler;AmbuFlex;HEV;Gødstrup Sygehus;;
Børge;Heller;Ambulancebehandler;AmbuFlex;HEV;Gødstrup Sygehus;;
Kristine;Meyer;Ambulancebehandler;AmbuFlex;HEV;Gødstrup Sygehus;;
Henry;Hjortshøj;Ambulancebehandler;AmbuFlex;HEV;Gødstrup Sygehus;;
Paul;Hjorth;Ambulancebehandler;AmbuFlex;HEV;Gødstrup Sygehus;;
Lucas;Aagaard;Ambulancebehandler;AmbuFlex;HEV;Gødstrup Sygehus;;
Edith;Riis;Ambulancebehandler;AmbuFlex;HEV;Gødstrup Sygehus;;
Svend;Kristoffersen;Ambulancebehandler;AmbuFlex;HEV;Gødstrup Sygehus;;
Marcus;Clausen;Ambulancebehandler;AmbuFlex;HEV;Gødstrup Sygehus;;
Erik;Meyer;Ambulancebehandler;AmbuFlex;HEV;Gødstrup Sygehus;;
Christian;Klausen;Ambulancebehandler;AmbuFlex;HEV;Gødstrup Sygehus;;
Gorm;Schack ;Ambulancebehandler;AmbuFlex;HEV;Gødstrup Sygehus;;
Jacob;Solberg;Ambulancebehandler;AmbuFlex;HEV;Gødstrup Sygehus;;
Helene;Spang;Ambulancebehandler;AmbuFlex;HEV;Gødstrup Sygehus;;
Lene;Gregersen;Ambulancebehandler;AmbuFlex;HEV;Gødstrup Sygehus;;
Mathilde;Iversen;Ambulancebehandler;AmbuFlex;HEV;Gødstrup Sygehus;;
Jens;Meyer;Ambulancebehandler;AmbuFlex;HEV;Gødstrup Sygehus;;
Ole;Dahl;Ambulancebehandler;AmbuFlex;HEV;Gødstrup Sygehus;;
Grethe;Falk;Ambulancebehandler;AmbuFlex;HEV;Gødstrup Sygehus;;
Henry;Lauritzen;Ambulancebehandler;AmbuFlex;HEV;Gødstrup Sygehus;;
Julie;Kjærsgaard;Ambulancebehandler;AmbuFlex;HEV;Gødstrup Sygehus;;
Cecilie;Vinther;Ambulancebehandler;AmbuFlex;HEV;Gødstrup Sygehus;;
Åse;Pedersen;Ambulancebehandler;AmbuFlex;HEV;Gødstrup Sygehus;;
Signe;Mortensen;Ambulancebehandler;AmbuFlex;HEV;Gødstrup Sygehus;;
Inger;Birch;Ambulancebehandler;AmbuFlex;HEV;Gødstrup Sygehus;;
Peder;Kampmann;Ambulancebehandler;AmbuFlex;HEV;Gødstrup Sygehus;;
Mikkel;Spang;Ambulancebehandler;AmbuFlex;HEV;Gødstrup Sygehus;;
Kamilla;Nissen;Ambulancebehandler;AmbuFlex;HEV;Gødstrup Sygehus;;
Aage;Poulsen;Ambulancebehandler;AmbuFlex;HEV;Gødstrup Sygehus;;
Knud;Pilmark;Ambulancebehandler;AmbuFlex;HEV;Gødstrup Sygehus;;
Henry;Kristoffersen;Ambulancebehandler;AmbuFlex;HEV;Gødstrup Sygehus;;
Nikolaj;Hjortshøj;Ambulancebehandler;AmbuFlex;HEV;Gødstrup Sygehus;;
Christian;Østergaard;Ambulancebehandler;AmbuFlex;HEV;Gødstrup Sygehus;;
Tobias;Mørk;Ambulancebehandler;AmbuFlex;HEV;Gødstrup Sygehus;;
Ingrid;Solberg;Ambulancebehandler;AmbuFlex;HEV;Gødstrup Sygehus;;
Ellen;Buhr;Ambulancebehandler;AmbuFlex;HEV;Gødstrup Sygehus;;
Ulla;Thorø;Ambulancebehandler;AmbuFlex;HEV;Gødstrup Sygehus;;
Lars;Schmidt;Ambulancebehandler;AmbuFlex;HEV;Gødstrup Sygehus;;
Peder;Persson;Ambulancebehandler;AmbuFlex;HEV;Gødstrup Sygehus;;
Jørgen;Panum;Ambulancebehandler;AmbuFlex;HEV;Gødstrup Sygehus;;
Niels;Schmidt;Ambulancebehandler;AmbuFlex;HEV;Gødstrup Sygehus;;
Finn;Bach;Ambulancebehandler;AmbuFlex;HEV;Gødstrup Sygehus;;
Jesper;Mølgård;Ambulancebehandler;AmbuFlex;HEV;Gødstrup Sygehus;;
Silke;Hermansen;Ambulancebehandler;AmbuFlex;HEV;Gødstrup Sygehus;;
Jonas;Falk;Sygeplejeske;OperationOgIntensiv;HEV;Gødstrup Sygehus;;
Niels;Bendtsen;Sygeplejeske;OperationOgIntensiv;HEV;Gødstrup Sygehus;;
Lise;Bak;Sygeplejeske;OperationOgIntensiv;HEV;Gødstrup Sygehus;;
Valdemar;Dybvad;Sygeplejeske;OperationOgIntensiv;HEV;Gødstrup Sygehus;;
Lone;Talbot;Sygeplejeske;OperationOgIntensiv;HEV;Gødstrup Sygehus;;
Henry;Mogensen;Sygeplejeske;OperationOgIntensiv;HEV;Gødstrup Sygehus;;
Margrethe;Mølgaard;Sygeplejeske;OperationOgIntensiv;HEV;Gødstrup Sygehus;;
Hanne;Frost;Sygeplejeske;OperationOgIntensiv;HEV;Gødstrup Sygehus;;
Julie;Eskildsen;Sygeplejeske;OperationOgIntensiv;HEV;Gødstrup Sygehus;;
Jonas;Dyrholm;Sygeplejeske;OperationOgIntensiv;HEV;Gødstrup Sygehus;;
Preben;Stokholm;Sygeplejeske;OperationOgIntensiv;HEV;Gødstrup Sygehus;;
Frederik;Caspersen;Sygeplejeske;OperationOgIntensiv;HEV;Gødstrup Sygehus;;
Anna;Bisgård;Sygeplejeske;OperationOgIntensiv;HEV;Gødstrup Sygehus;;
Kamilla;Matthesen;Sygeplejeske;OperationOgIntensiv;HEV;Gødstrup Sygehus;;
Jørgen;Olsen;Sygeplejeske;OperationOgIntensiv;HEV;Gødstrup Sygehus;;
Birgitte;Hald;Sygeplejeske;OperationOgIntensiv;HEV;Gødstrup Sygehus;;
Jan;Schultz;Sygeplejeske;OperationOgIntensiv;HEV;Gødstrup Sygehus;;
Agnes;Nilsson;Sygeplejeske;OperationOgIntensiv;HEV;Gødstrup Sygehus;;
Bent;Bisgård;Sygeplejeske;OperationOgIntensiv;HEV;Gødstrup Sygehus;;
Edith;Albæk;Sygeplejeske;OperationOgIntensiv;HEV;Gødstrup Sygehus;;
Bent;Mikkelsen;Sygeplejeske;OperationOgIntensiv;HEV;Gødstrup Sygehus;;
John;Hald;Sygeplejeske;OperationOgIntensiv;HEV;Gødstrup Sygehus;;
Inge;Lorenzen;Sygeplejeske;OperationOgIntensiv;HEV;Gødstrup Sygehus;;
Torben;Søgaard;Sygeplejeske;OperationOgIntensiv;HEV;Gødstrup Sygehus;;
Bente;Søgård;Sygeplejeske;OperationOgIntensiv;HEV;Gødstrup Sygehus;;
Cecilie;Munk;Sygeplejeske;OperationOgIntensiv;HEV;Gødstrup Sygehus;;
Kristine;Lange;Sygeplejeske;OperationOgIntensiv;HEV;Gødstrup Sygehus;;
Thomas;Schack ;Sygeplejeske;OperationOgIntensiv;HEV;Gødstrup Sygehus;;
Inge;Juhl;Sygeplejeske;OperationOgIntensiv;HEV;Gødstrup Sygehus;;
Amalie;Lassen;Sygeplejeske;OperationOgIntensiv;HEV;Gødstrup Sygehus;;
Ulla;Nørgård;Sygeplejeske;OperationOgIntensiv;HEV;Gødstrup Sygehus;;
Sofie;Bjerregaard;Sygeplejeske;OperationOgIntensiv;HEV;Gødstrup Sygehus;;
Lene;Juhl;Sygeplejeske;OperationOgIntensiv;HEV;Gødstrup Sygehus;;
Christine;Simonsen;Sygeplejeske;OperationOgIntensiv;HEV;Gødstrup Sygehus;;
Karina;Bisgård;Sygeplejeske;OperationOgIntensiv;HEV;Gødstrup Sygehus;;
Egon;Tvedebrink;Sygeplejeske;OperationOgIntensiv;HEV;Gødstrup Sygehus;;
Ingeborg;Jønsson;Sygeplejeske;OperationOgIntensiv;HEV;Gødstrup Sygehus;;
Jens;Falk;Sygeplejeske;OperationOgIntensiv;HEV;Gødstrup Sygehus;;
Tove;Hunnerup;Sygeplejeske;OperationOgIntensiv;HEV;Gødstrup Sygehus;;
Lise;Panum;Sygeplejeske;OperationOgIntensiv;HEV;Gødstrup Sygehus;;
Joachim;Lassen;Sygeplejeske;OperationOgIntensiv;HEV;Gødstrup Sygehus;;
Hanne;Lind;Sygeplejeske;OperationOgIntensiv;HEV;Gødstrup Sygehus;;
Alfred;Østergaard;Sygeplejeske;OperationOgIntensiv;HEV;Gødstrup Sygehus;;
Jan;Schrøder;Sygeplejeske;OperationOgIntensiv;HEV;Gødstrup Sygehus;;
Carl;Søndergaard;Sygeplejeske;OperationOgIntensiv;HEV;Gødstrup Sygehus;;
Svend;Kjær;Sygeplejeske;OperationOgIntensiv;HEV;Gødstrup Sygehus;;
Sten;Overgaard;Sygeplejeske;OperationOgIntensiv;HEV;Gødstrup Sygehus;;
Otto;Nørgaard;Sygeplejeske;OperationOgIntensiv;HEV;Gødstrup Sygehus;;
Kristoffer;Hoffmann;Sygeplejeske;OperationOgIntensiv;HEV;Gødstrup Sygehus;;
Henry;Vestager;Sygeplejeske;OperationOgIntensiv;HEV;Gødstrup Sygehus;;
Joachim;Stokholm;Sygeplejeske;OperationOgIntensiv;HEV;Gødstrup Sygehus;;
Lise;Friis;Sygeplejeske;OperationOgIntensiv;HEV;Gødstrup Sygehus;;
Preben;Dalsgaard;Sygeplejeske;OperationOgIntensiv;HEV;Gødstrup Sygehus;;
Birgit;Lind;Sygeplejeske;OperationOgIntensiv;HEV;Gødstrup Sygehus;;
Frederik;Hald;Sygeplejeske;OperationOgIntensiv;HEV;Gødstrup Sygehus;;
Kristine;Steffensen;Sygeplejeske;OperationOgIntensiv;HEV;Gødstrup Sygehus;;
Peder;Thygesen;Sygeplejeske;OperationOgIntensiv;HEV;Gødstrup Sygehus;;
Josefine;Lorenzen;Sygeplejeske;OperationOgIntensiv;HEV;Gødstrup Sygehus;;
Per;Frandsen;Sygeplejeske;OperationOgIntensiv;HEV;Gødstrup Sygehus;;
Magnus;Søndergaard;Sygeplejeske;OperationOgIntensiv;HEV;Gødstrup Sygehus;;
Flemming;Thomsen;Sygeplejeske;OperationOgIntensiv;HEV;Gødstrup Sygehus;;
Ole;Hjortshøj;Sygeplejeske;OperationOgIntensiv;HEV;Gødstrup Sygehus;;
Åse;Schou;Sygeplejeske;OperationOgIntensiv;HEV;Gødstrup Sygehus;;
Pelle;Birch;Sygeplejeske;OperationOgIntensiv;HEV;Gødstrup Sygehus;;
Karoline;Søndergård;Sygeplejeske;OperationOgIntensiv;HEV;Gødstrup Sygehus;;
Marianne;Simonsen;Sygeplejeske;OperationOgIntensiv;HEV;Gødstrup Sygehus;;
Mogens;Olsson;Sygeplejeske;OperationOgIntensiv;HEV;Gødstrup Sygehus;;
Flemming;Bak;Sygeplejeske;OperationOgIntensiv;HEV;Gødstrup Sygehus;;
Kristine;Skov;Sygeplejeske;OperationOgIntensiv;HEV;Gødstrup Sygehus;;
Erik;Jønsson;Sygeplejeske;OperationOgIntensiv;HEV;Gødstrup Sygehus;;
Anders;Friis;Sygeplejeske;OperationOgIntensiv;HEV;Gødstrup Sygehus;;
Kamilla;Ballin;Sygeplejeske;OperationOgIntensiv;HEV;Gødstrup Sygehus;;
Helene;Østergård;Sygeplejeske;OperationOgIntensiv;HEV;Gødstrup Sygehus;;
Paul;Lauritzen;Sygeplejeske;OperationOgIntensiv;HEV;Gødstrup Sygehus;;
Egon;Meinert;Sygeplejeske;OperationOgIntensiv;HEV;Gødstrup Sygehus;;
Lucas;Mølgård;Sygeplejeske;OperationOgIntensiv;HEV;Gødstrup Sygehus;;
Torben;Kjærgaard;Sygeplejeske;OperationOgIntensiv;HEV;Gødstrup Sygehus;;
Victor;Bernstorff;Sygeplejeske;OperationOgIntensiv;HEV;Gødstrup Sygehus;;
Børge;Pedersen ;Sygeplejeske;OperationOgIntensiv;HEV;Gødstrup Sygehus;;
Ole;Lund;Sygeplejeske;OperationOgIntensiv;HEV;Gødstrup Sygehus;;
Sten;Olsen;Sygeplejeske;OperationOgIntensiv;HEV;Gødstrup Sygehus;;
Johannes;Christensen;Sygeplejeske;OperationOgIntensiv;HEV;Gødstrup Sygehus;;
Henrik;Millang;Sygeplejeske;OperationOgIntensiv;HEV;Gødstrup Sygehus;;
Peter;Lauridsen;Sygeplejeske;OperationOgIntensiv;HEV;Gødstrup Sygehus;;
Emilie;Dalgård;Sygeplejeske;OperationOgIntensiv;HEV;Gødstrup Sygehus;;
Emil;Steen;Sygeplejeske;OperationOgIntensiv;HEV;Gødstrup Sygehus;;
Birgit;Frederiksen;Sygeplejeske;OperationOgIntensiv;HEV;Gødstrup Sygehus;;
Thomas;Toft;Sygeplejeske;OperationOgIntensiv;HEV;Gødstrup Sygehus;;
Peder;Mølgaard;Sygeplejeske;OperationOgIntensiv;HEV;Gødstrup Sygehus;;
Svend;Nissen;Sygeplejeske;OperationOgIntensiv;HEV;Gødstrup Sygehus;;
Thomas;Lind;Sygeplejeske;OperationOgIntensiv;HEV;Gødstrup Sygehus;;
Anne;Mathiesen;Sygeplejeske;OperationOgIntensiv;HEV;Gødstrup Sygehus;;
Lucas;Vinther;Kirurg;OperationOgIntensiv;HEV;Gødstrup Sygehus;;
Freja;Toft;Kirurg;OperationOgIntensiv;HEV;Gødstrup Sygehus;;
Mathilde;Bødker ;Kirurg;OperationOgIntensiv;HEV;Gødstrup Sygehus;;
Birgit;Passer ;Kirurg;OperationOgIntensiv;HEV;Gødstrup Sygehus;;
Emilie;Hemmingsen;Kirurg;OperationOgIntensiv;HEV;Gødstrup Sygehus;;
Hans;Larsen;Kirurg;OperationOgIntensiv;HEV;Gødstrup Sygehus;;
Sebastian;Mathiesen;Kirurg;OperationOgIntensiv;HEV;Gødstrup Sygehus;;
Emma;Enevoldsen;Kirurg;OperationOgIntensiv;HEV;Gødstrup Sygehus;;
Karen;Enevoldsen;Kirurg;OperationOgIntensiv;HEV;Gødstrup Sygehus;;
Mette;Dyrholm;Kirurg;OperationOgIntensiv;HEV;Gødstrup Sygehus;;
Flemming;Krog ;Kirurg;OperationOgIntensiv;HEV;Gødstrup Sygehus;;
Daniel;Steffensen;Kirurg;OperationOgIntensiv;HEV;Gødstrup Sygehus;;
Mads;Christiansen;Kirurg;OperationOgIntensiv;HEV;Gødstrup Sygehus;;
Maja;Mogensen;Kirurg;OperationOgIntensiv;HEV;Gødstrup Sygehus;;
Victor;Pedersen ;Kirurg;OperationOgIntensiv;HEV;Gødstrup Sygehus;;
Pia;Beck;Kirurg;OperationOgIntensiv;HEV;Gødstrup Sygehus;;
Edith;Paulsen;Kirurg;OperationOgIntensiv;HEV;Gødstrup Sygehus;;
Silke;Kjærsgaard;Kirurg;OperationOgIntensiv;HEV;Gødstrup Sygehus;;
Christine;Bertelsen;Kirurg;OperationOgIntensiv;HEV;Gødstrup Sygehus;;
Karina;Storm ;Kirurg;OperationOgIntensiv;HEV;Gødstrup Sygehus;;
Åge;Asmussen;Kirurg;OperationOgIntensiv;HEV;Gødstrup Sygehus;;
Ole;Søndergård;Kirurg;OperationOgIntensiv;HEV;Gødstrup Sygehus;;
Inger;Bach;Kirurg;OperationOgIntensiv;HEV;Gødstrup Sygehus;;
Ove;Michelsen;Kirurg;OperationOgIntensiv;HEV;Gødstrup Sygehus;;
Helle;Kristoffersen;Kirurg;OperationOgIntensiv;HEV;Gødstrup Sygehus;;
Ingrid;Prahl;Kirurg;OperationOgIntensiv;HEV;Gødstrup Sygehus;;
Jørgen;Troelsgaard;Kirurg;OperationOgIntensiv;HEV;Gødstrup Sygehus;;
Maria;Søndergård;Kirurg;OperationOgIntensiv;HEV;Gødstrup Sygehus;;
Anna;Hjortshøj;Kirurg;OperationOgIntensiv;HEV;Gødstrup Sygehus;;
Silke;Juul;Kirurg;OperationOgIntensiv;HEV;Gødstrup Sygehus;;
Birte;Krog ;Kirurg;OperationOgIntensiv;HEV;Gødstrup Sygehus;;
Pelle;Søgaard;Kirurg;OperationOgIntensiv;HEV;Gødstrup Sygehus;;
Kurt;Østergård;Kirurg;OperationOgIntensiv;HEV;Gødstrup Sygehus;;
Kamilla;Mouritsen;Kirurg;OperationOgIntensiv;HEV;Gødstrup Sygehus;;
Bent;Engelstoft;Kirurg;OperationOgIntensiv;HEV;Gødstrup Sygehus;;
Karen;Albæk;Kirurg;OperationOgIntensiv;HEV;Gødstrup Sygehus;;
Lise;Lauridsen;Kirurg;OperationOgIntensiv;HEV;Gødstrup Sygehus;;
Maria;Dahl;Kirurg;OperationOgIntensiv;HEV;Gødstrup Sygehus;;
Camilla;Svensson;Kirurg;OperationOgIntensiv;HEV;Gødstrup Sygehus;;
Inger;Toft;Kirurg;OperationOgIntensiv;HEV;Gødstrup Sygehus;;
Kristoffer;Brandt;Kirurg;OperationOgIntensiv;HEV;Gødstrup Sygehus;;
Susanne;Lange;Kirurg;OperationOgIntensiv;HEV;Gødstrup Sygehus;;
Preben;Buch;Kirurg;OperationOgIntensiv;HEV;Gødstrup Sygehus;;
Abel;Sørensen;Kirurg;OperationOgIntensiv;HEV;Gødstrup Sygehus;;
Gitte;Jeppesen;Kirurg;OperationOgIntensiv;HEV;Gødstrup Sygehus;;
Lars;Mathiasen;Kirurg;OperationOgIntensiv;HEV;Gødstrup Sygehus;;
Henry;Danielsen;Kirurg;OperationOgIntensiv;HEV;Gødstrup Sygehus;;
Bjarne;Øgendahl;Kirurg;OperationOgIntensiv;HEV;Gødstrup Sygehus;;
Ellen;Kjærgaard;Kirurg;OperationOgIntensiv;HEV;Gødstrup Sygehus;;
Caroline;Hunnerup;Kirurg;OperationOgIntensiv;HEV;Gødstrup Sygehus;;
Mette;Poulsen;Kirurg;OperationOgIntensiv;HEV;Gødstrup Sygehus;;
Caroline;Taarnhøj;Kirurg;OperationOgIntensiv;HEV;Gødstrup Sygehus;;
Jan;Lauritsen;Kirurg;OperationOgIntensiv;HEV;Gødstrup Sygehus;;
Margrethe;Mølgård;Kirurg;OperationOgIntensiv;HEV;Gødstrup Sygehus;;
Julie;Engelstoft;Kirurg;OperationOgIntensiv;HEV;Gødstrup Sygehus;;
Lars;Kretz;Kirurg;OperationOgIntensiv;HEV;Gødstrup Sygehus;;
Inge;Damgård;Kirurg;OperationOgIntensiv;HEV;Gødstrup Sygehus;;
Sebastian;Hjortshøj;Kirurg;OperationOgIntensiv;HEV;Gødstrup Sygehus;;
