Firstname;Lastname;Title;Department
Flemming; Kruse;IT-Chef;IT Afdeling
Helle; Jørgensen;Netværkstekniker;IT Afdeling
Anders; Jensen;Netværkstekniker;IT Afdeling
Knud; Passer ;Udvikler;IT Afdeling
Niels; Toft;Udvikler;IT Afdeling
Henry; Eriksen;Udvikler;IT Afdeling
Andreas; Klausen;IT-Supporter;IT Afdeling
Tove; Nilsson;IT-Supporter;IT Afdeling
Christoffer; Nørgaard;IT-Supporter;IT Afdeling
Ingeborg; Bertelsen;IT-Supporter;IT Afdeling
Sebastian; Schack ;IT-Supporter;IT Afdeling
Lone; Friis;IT-Supporter;IT Afdeling
Katrine; Krog;IT-Supporter;IT Afdeling
Magnus; Bjerre;IT-Supporter;IT Afdeling
Kurt; Ballin;IT-Supporter;IT Afdeling
Kurt; Kirkegaard;IT-Supporter;IT Afdeling
Otto; Strandberg;IT-Supporter;IT Afdeling
Peder; Bjerre;IT-Supporter;IT Afdeling
Egon; Christensen;IT-Supporter;IT Afdeling
Jørgen; Frische;IT-Supporter;IT Afdeling
Caroline; Jessen;IT-Supporter;IT Afdeling
Gorm; Lauritzen;IT-Supporter;IT Afdeling
Harald;Bjerregaard;Administrations Konsulent;Staben
Irene;Lauritsen;Administrations Konsulent;Staben
Mathilde;Gade;Administrations Konsulent;Staben
Michael;Kjærgaard;Administrations Konsulent;Staben
Leif;Bernstorff;Administrations Konsulent;Staben
Karen;Nikolajsen;Administrations Konsulent;Staben
Christian;Simonsen;Administrations Konsulent;Staben
Rasmus;Bjerregaard;Administrations Konsulent;Staben
Arne;Hemmingsen;Administrations Konsulent;Staben
Otto;Meinert;Administrations Konsulent;Staben
Charlotte;Michelsen;Administrations Konsulent;Staben
Bodil;Dybvad;Administrations Konsulent;Staben
Clara;Enevoldsen;Administrations Konsulent;Staben
Sebastian;Matthesen;Administrations Konsulent;Staben
Mathias;Villadsen;Administrations Konsulent;Staben
Poul;Michaelsen;Hospitalsdirektør;Hospitalsledelsen
Ida;Gotke;Sygeplejefaglig direktør;Hospitalsledelsen
Jens;Bak;Lægefaglig direktør;Hospitalsledelsen
Åse;Mortensen;Læge;Akut
Irene;Bendtsen;Læge;Akut
Malene;Kragh;Læge;Akut
Ingrid;Svensson;Læge;Akut
Rasmus;Pedersen;Læge;Akut
Lis;Solberg;Læge;Akut
Thomas;Schmidt;Læge;Akut
Helene;Mærsk;Læge;Akut
Carl;Lauritzen;Læge;Akut
Henrik;Frost;Læge;Akut
Kaj;Prahl;Læge;Akut
Jette;Bisgård;Læge;Akut
Bjarne;Kallesoe;Læge;Akut
Hanne;Sloth;Læge;Akut
Ole;Brandt;Læge;Akut
Morten;Østergaard;Læge;Akut
Oliver;Westermann;Læge;Akut
Ole;Kruse;Læge;Akut
John;Sommer;Læge;Akut
Camilla;Kjeldsen;Læge;Akut
Christoffer;Nielsen;Læge;Akut
Knud;Carlsen;Læge;Akut
Erna;Sommer;Læge;Akut
Mary;Davidsen;Læge;Akut
Mathilde;Kessler;Læge;Akut
Kristoffer;Dalgård;Læge;Akut
Mary;Lange;Læge;Akut
Hanne;Østergaard;Læge;Akut
Jonas;Gade;Læge;Akut
Ingrid;Talbot;Læge;Akut
Helene;Øgendahl;Læge;Akut
Christian;Østergaard;Ambulancebehandler;AmbuFlex
Tobias;Mørk;Ambulancebehandler;AmbuFlex
Ingrid;Solberg;Ambulancebehandler;AmbuFlex
Ellen;Buhr;Ambulancebehandler;AmbuFlex
Ulla;Thorø;Ambulancebehandler;AmbuFlex
Lars;Schmidt;Ambulancebehandler;AmbuFlex
Peder;Persson;Ambulancebehandler;AmbuFlex
Jørgen;Panum;Ambulancebehandler;AmbuFlex
Niels;Schmidt;Ambulancebehandler;AmbuFlex
Finn;Bach;Ambulancebehandler;AmbuFlex
Jesper;Mølgård;Ambulancebehandler;AmbuFlex
Silke;Hermansen;Ambulancebehandler;AmbuFlex
Lise;Lauridsen;Kirurg;OperationOgIntensiv
Maria;Dahl;Kirurg;OperationOgIntensiv
Camilla;Svensson;Kirurg;OperationOgIntensiv
Inger;Toft;Kirurg;OperationOgIntensiv
Kristoffer;Brandt;Kirurg;OperationOgIntensiv
Susanne;Lange;Kirurg;OperationOgIntensiv
Preben;Buch;Kirurg;OperationOgIntensiv
Abel;Sørensen;Kirurg;OperationOgIntensiv
Gitte;Jeppesen;Kirurg;OperationOgIntensiv
Lars;Mathiasen;Kirurg;OperationOgIntensiv
Henry;Danielsen;Kirurg;OperationOgIntensiv
Bjarne;Øgendahl;Kirurg;OperationOgIntensiv
Ellen;Kjærgaard;Kirurg;OperationOgIntensiv
Caroline;Hunnerup;Kirurg;OperationOgIntensiv
Mette;Poulsen;Kirurg;OperationOgIntensiv
Caroline;Taarnhøj;Kirurg;OperationOgIntensiv
Jan;Lauritsen;Kirurg;OperationOgIntensiv
Margrethe;Mølgård;Kirurg;OperationOgIntensiv
Julie;Engelstoft;Kirurg;OperationOgIntensiv
Lars;Kretz;Kirurg;OperationOgIntensiv
Inge;Damgård;Kirurg;OperationOgIntensiv
Sebastian;Hjortshøj;Kirurg;OperationOgIntensiv
Ole;Carstensen;Ledende overlæge;Arbejdsmedicin
Kent;Nielsen;Souschef;Arbejdsmedicin
Marianne;Kyndi;Souschef;Arbejdsmedicin
Peter;Thorsen;Sygeplejeske;Arbejdsmedicin
Frederik;Spang;Sygeplejeske;Arbejdsmedicin
Mathias;Topsøe;Sygeplejeske;Arbejdsmedicin
Birgit;Juhl;Sygeplejeske;Arbejdsmedicin
Anne;Vestergård;Sygeplejeske;Arbejdsmedicin
Søren;Nilsson;Sygeplejeske;Arbejdsmedicin
Ulla;Toft;Sygeplejeske;Arbejdsmedicin
Victor;Brøgger;Sygeplejeske;Arbejdsmedicin
Charlotte;Hjorth;Sygeplejeske;Arbejdsmedicin
Holger;Vestager;Sygeplejeske;Arbejdsmedicin
Magnus;Kjeldsen;Sygeplejeske;Arbejdsmedicin
Louise;Andreasen;Sygeplejeske;Arbejdsmedicin
Edith;Dalsgaard;Sygeplejeske;Arbejdsmedicin
Gitte;Bertelsen;Sygeplejeske;Arbejdsmedicin
Ida;Vestager;Sygeplejeske;Arbejdsmedicin
Ingeborg;Villadsen;Sygeplejeske;Arbejdsmedicin
Jørgen;Prahl;Sygeplejeske;Arbejdsmedicin
Peter;Hunnerup;Sygeplejeske;Arbejdsmedicin
Valdemar;Tvedebrink;Sygeplejeske;Arbejdsmedicin
Inge;Laustsen;Sygeplejeske;Arbejdsmedicin
Ingeborg;Henningsen;Sygeplejeske;Arbejdsmedicin
Kasper;Kjærgård;Sygeplejeske;Arbejdsmedicin
Andreas;Kristiansen;Sygeplejeske;Arbejdsmedicin
Karina;Riis;Sygeplejeske;Arbejdsmedicin
Oluf;Søgård;Sygeplejeske;Arbejdsmedicin
Sten;Kjær;Sygeplejeske;Arbejdsmedicin
Andreas;Kjeldsen;Sygeplejeske;Arbejdsmedicin
Emma;Ranthe;Sygeplejeske;Arbejdsmedicin
Pernille;Laustsen;Sygeplejeske;Arbejdsmedicin
Kasper;Berg;Sygeplejeske;Arbejdsmedicin
Katrine;Henriksen;Sygeplejeske;Arbejdsmedicin
Vibeke;Lauritzen;Sygeplejeske;Arbejdsmedicin
Hans;Steen;Sygeplejeske;Arbejdsmedicin
Rasmus;Sloth;Sygeplejeske;Arbejdsmedicin
Kurt;Hemmingsen;Sygeplejeske;Arbejdsmedicin
Kamilla;Olsson;Sygeplejeske;Arbejdsmedicin
Birte;Koch;Sygeplejeske;Arbejdsmedicin
Mads;Nørgaard;Sygeplejeske;Arbejdsmedicin
Aage;Carlsen;Sygeplejeske;Arbejdsmedicin
Gudrun;Steenstrup;Sygeplejeske;Arbejdsmedicin
Karoline;Lauritzen;Sygeplejeske;Arbejdsmedicin
Flemming;Simonsen;Sygeplejeske;Arbejdsmedicin
Torben;Bernstorff;Sygeplejeske;Arbejdsmedicin
Gitte;Persson;Sygeplejeske;Arbejdsmedicin
Torben;Heller;Sygeplejeske;Arbejdsmedicin
Henrik;Prahl;Sygeplejeske;Arbejdsmedicin
Caroline;Thomassen;Sygeplejeske;Arbejdsmedicin
Kasper;Jespersen;Sygeplejeske;Arbejdsmedicin
Ove;Schrøder;Sygeplejeske;Arbejdsmedicin
Emilie;Kristensen;Sygeplejeske;Arbejdsmedicin
Mary;Skov;Sygeplejeske;Arbejdsmedicin
Oliver;Passer ;Sygeplejeske;Arbejdsmedicin
Emilie;Kragh;Sygeplejeske;Arbejdsmedicin
Lone;Kjær;Sygeplejeske;Arbejdsmedicin
Per;Asmussen;Sygeplejeske;Arbejdsmedicin
Tove;Nilsson;Sygeplejeske;Arbejdsmedicin
Else;Gade;Sygeplejeske;Arbejdsmedicin
Helle;Søltoft;Sygeplejeske;Arbejdsmedicin
Cecilie;Larsen;Sygeplejeske;Arbejdsmedicin
Laura;Nielsen;Sygeplejeske;Arbejdsmedicin
Rasmus;Nørgård;Sygeplejeske;Arbejdsmedicin
Ingeborg;Jepsen;Sygeplejeske;Arbejdsmedicin
Lise;Michelsen;Sygeplejeske;Arbejdsmedicin
Anders;Borg;Sygeplejeske;Arbejdsmedicin
Bjarne;Madsen;Sygeplejeske;Arbejdsmedicin
Børge;Møller;Sygeplejeske;Arbejdsmedicin
Harald;Tvedebrink;Sygeplejeske;Arbejdsmedicin
Åse;Frandsen;Sygeplejeske;Arbejdsmedicin
Kurt;Mogensen;Sygeplejeske;Arbejdsmedicin
Knud;Brøgger;Sygeplejeske;Arbejdsmedicin
Julie;Andersen;Sygeplejeske;Arbejdsmedicin
Malene;Hansen ;Sygeplejeske;Arbejdsmedicin
Maria;Frandsen;Sygeplejeske;Arbejdsmedicin
Tove;Knudsen;Sygeplejeske;Arbejdsmedicin
Bjarne;Øgendahl;Sygeplejeske;Arbejdsmedicin
Ellen;Kjær;Sygeplejeske;Arbejdsmedicin
Victor;Petersen;Sygeplejeske;Arbejdsmedicin
Freja;Christensen;Sygeplejeske;Arbejdsmedicin
Johanne;Frandsen;Sygeplejeske;Arbejdsmedicin
Anna;Hjorth;Sygeplejeske;Arbejdsmedicin
Holger;Justesen;Sygeplejeske;Arbejdsmedicin
Marianne;Søgård;Sygeplejeske;Arbejdsmedicin
Sofie;Bisgaard;Sygeplejeske;Arbejdsmedicin
Andreas;Aagaard;Sygeplejeske;Arbejdsmedicin
Edith;Juul;Sygeplejeske;Arbejdsmedicin
Camilla;Bratt;Sygeplejeske;Arbejdsmedicin
Gerda;Talbot;Sygeplejeske;Arbejdsmedicin
Gitte;Bjørnholt;Sygeplejeske;Arbejdsmedicin
Bent;Bach;Sygeplejeske;Arbejdsmedicin
Daniel;Tvedebrink;Sygeplejeske;Arbejdsmedicin
Christian;FuhlenDorff;Sygeplejeske;Arbejdsmedicin
Lise;Christensen;Sygeplejeske;Arbejdsmedicin
Anders;Frederiksen;Sygeplejeske;Arbejdsmedicin
Rasmus;Sloth;Sygeplejeske;Arbejdsmedicin
Lars;Bech;Sygeplejeske;Arbejdsmedicin
Tobias;Kristoffersen;Sygeplejeske;Arbejdsmedicin
Mathilde;Øgendahl;Sygeplejeske;Arbejdsmedicin
Clara;Meyer;Sygeplejeske;BoernOgUnge
Victoria;Jensen;Sygeplejeske;BoernOgUnge
Michael;Christensen;Sygeplejeske;BoernOgUnge
Marcus;Kampmann;Sygeplejeske;BoernOgUnge
Hanne;Meinert;Sygeplejeske;BoernOgUnge
Daniel;Henriksen;Sygeplejeske;BoernOgUnge
Ellen;Kirkegaard;Læge;BoernOgUnge
Jens;Eskildsen;Læge;BoernOgUnge
Signe;Frost;Læge;BoernOgUnge
Gerda;Kirkegaard;Læge;BoernOgUnge
Oliver;Hunnerup;Læge;BoernOgUnge
Camilla;Danielsen;Læge;BoernOgUnge
Signe;Heller;Læge;BoernOgUnge
Hanne;Eriksen;Læge;BoernOgUnge
Nikolaj;Justesen;Læge;BoernOgUnge
Kamilla;Thøgersen;Læge;BoernOgUnge
Pelle;Lund ;Læge;BoernOgUnge
Martin;Ballin;Læge;BoernOgUnge
Klara;Heller;Læge;BoernOgUnge
Emilie;Stokholm;Læge;BoernOgUnge
Gorm;Bjerre;Læge;BoernOgUnge
Knud;Laustsen;Læge;BoernOgUnge
Pernille;Leth;Læge;BoernOgUnge
Søren;Rohde;Læge;BoernOgUnge
Jytte;Andersen ;Læge;BoernOgUnge
Alfred;Bech;Læge;BoernOgUnge
Joachim;Birch;Læge;BoernOgUnge
Johannes;Vestergård;Læge;BoernOgUnge
Malene;Jacobsen;Læge;BoernOgUnge
Pernille;Nikolajsen;Læge;BoernOgUnge
Børge;Jepsen;Læge;BoernOgUnge
Victoria;Lorentzen;Læge;BoernOgUnge
Poul;Vestager;Læge;BoernOgUnge
Freja;Søndergaard;Læge;BoernOgUnge
Maja;Frandsen;Læge;BoernOgUnge
Søren;Thorø;Læge;BoernOgUnge
Sebastian;Christoffersen;Læge;BoernOgUnge
Nikolaj;Hunnerup;Læge;BoernOgUnge
Mette;Steen;Læge;BoernOgUnge
Hans;Stokholm;Læge;BoernOgUnge
Mette;Larsen;Læge;BoernOgUnge
Emil;Villadsen;Rengøringsassistent;Drift
Camilla;Meyer;Rengøringsassistent;Drift
Birgitte;Laursen;Rengøringsassistent;Drift
Nikolaj;Kjær;Rengøringsassistent;Drift
Victor;Solberg;Rengøringsassistent;Drift
Peder;Enevoldsen;Rengøringsassistent;Drift
Emma;Søndergård;Rengøringsassistent;Drift
Jørgen;Eriksen;Rengøringsassistent;Drift
Pia;Dybvad;Rengøringsassistent;Drift
Gudrun;Albæk;Rengøringsassistent;Drift
Viggo;Hemmingsen;Rengøringsassistent;Drift
Pelle;Falk;Rengøringsassistent;Drift
Marianne;Kjeldsen;Rengøringsassistent;Drift
Hanne;Vestergaard;Rengøringsassistent;Drift
Bjarne;Kragh;Rengøringsassistent;Drift
Gitte;Nilsson;Rengøringsassistent;Drift
Julie;Hansen;Rengøringsassistent;Drift
Christoffer;Eriksen;Rengøringsassistent;Drift
Mogens;Buhr;Rengøringsassistent;Drift
Louise;Huneke;Rengøringsassistent;Drift
Lone;Viggers;Ernæringschef;Ernaering
Valdemar;Damgård;Diætist;Ernaering
Emma;Bundgaard;Diætist;Ernaering
Caroline;Paulsen;Diætist;Ernaering
Victor;Ballin;Diætist;Ernaering
Michael;Svendsen;Diætist;Ernaering
Edith;Hemmingsen;Diætist;Ernaering
Ulla;Hunnerup;Diætist;Ernaering
Freja;Søndergård;Diætist;Ernaering
Jesper;Millang;Diætist;Ernaering
Inge;Andersen ;Diætist;Ernaering
Holger;Kampmann;Diætist;Ernaering
Christoffer;Schultz;Diætist;Ernaering
Ove;Mørk;Diætist;Ernaering
Nikolaj;Paulsen;Diætist;Ernaering
Signe;Iversen;Diætist;Ernaering
Kurt;Troelsgaard;Diætist;Ernaering
Katrine;Frische;Diætist;Ernaering
Morten;Dalgård;Diætist;Ernaering
Peter;Bisgaard;Diætist;Ernaering
Otto;Schou;Diætist;Ernaering
Ida;Danielsen;Diætist;Ernaering
Harald;Dam;Diætist;Ernaering
Ann;Fogsgaard;Chefjordemoder;KvindeOgFoedsler
Troels;Niemann;Ledende overlæge;KvindeOgFoedsler
Jane;Birkebæk;Oversygeplejeske;KvindeOgFoedsler
Nikolaj;Bach;Jordemoder;KvindeOgFoedsler
Marianne;Kampmann;Jordemoder;KvindeOgFoedsler
Margrethe;Meyer;Jordemoder;KvindeOgFoedsler
Hans;Matthesen;Jordemoder;KvindeOgFoedsler
Arne;Lauritsen;Jordemoder;KvindeOgFoedsler
Jesper;Winther;Jordemoder;KvindeOgFoedsler
Mikkel;Troelsgaard;Jordemoder;KvindeOgFoedsler
Clara;Lauritzen;Jordemoder;KvindeOgFoedsler
Jette;Strandberg;Jordemoder;KvindeOgFoedsler
Martin;Beck;Jordemoder;KvindeOgFoedsler
Katrine;Troelsgaard;Jordemoder;KvindeOgFoedsler
Christian;Nygaard;Jordemoder;KvindeOgFoedsler
Josefine;Jespersen;Jordemoder;KvindeOgFoedsler
Magnus;Spang;Jordemoder;KvindeOgFoedsler
Kirsten;Topsøe;Jordemoder;KvindeOgFoedsler
Silke;Albæk;Jordemoder;KvindeOgFoedsler
Mary;Koch;Jordemoder;KvindeOgFoedsler
Christoffer;Schrøder;Jordemoder;KvindeOgFoedsler
Caroline;Thøgersen;Jordemoder;KvindeOgFoedsler
Jan;Frederiksen;Jordemoder;KvindeOgFoedsler
Mary;Bundgaard;Jordemoder;KvindeOgFoedsler
Karoline;Dahl;Jordemoder;KvindeOgFoedsler
Amalie;Kristensen;Jordemoder;KvindeOgFoedsler
Nikolaj;Dyrholm;Jordemoder;KvindeOgFoedsler
Niels;Nørgård;Jordemoder;KvindeOgFoedsler
Søren;Munk;Jordemoder;KvindeOgFoedsler
Else;Hansen ;Jordemoder;KvindeOgFoedsler
Per;Mouritsen;Jordemoder;KvindeOgFoedsler
Mathilde;Søndergård;Jordemoder;KvindeOgFoedsler
Erna;Jørgensen;Jordemoder;KvindeOgFoedsler
Martin;Schack ;Jordemoder;KvindeOgFoedsler
Bodil;Meyer;Jordemoder;KvindeOgFoedsler
Klara;Henningsen;Jordemoder;KvindeOgFoedsler
Helle;Iversen;Jordemoder;KvindeOgFoedsler
Henning;Gregersen;Jordemoder;KvindeOgFoedsler
Andreas;Simonsen;Jordemoder;KvindeOgFoedsler
Jette;Søgård;Jordemoder;KvindeOgFoedsler
Ingrid;Storm ;Jordemoder;KvindeOgFoedsler
Amalie;Thøgersen;Jordemoder;KvindeOgFoedsler
Leif;Prahl;Jordemoder;KvindeOgFoedsler
Kurt;Lund ;Jordemoder;KvindeOgFoedsler
Birgitte;Knudsen;Jordemoder;KvindeOgFoedsler
Torben;Nørgaard;Jordemoder;KvindeOgFoedsler
Bodil;Ranthe;Jordemoder;KvindeOgFoedsler
Viggo;Iversen;Jordemoder;KvindeOgFoedsler
Flemming;Kessler;Jordemoder;KvindeOgFoedsler
Per;Overgård;Jordemoder;KvindeOgFoedsler
Birte;Hjorth;Jordemoder;KvindeOgFoedsler
Preben;Mærsk;Jordemoder;KvindeOgFoedsler
Abel;Lange;Jordemoder;KvindeOgFoedsler
Lise;Holst;Jordemoder;KvindeOgFoedsler
Signe;Iversen;Jordemoder;KvindeOgFoedsler
Holger;Carstensen;Jordemoder;KvindeOgFoedsler
Egon;Prahl;Jordemoder;KvindeOgFoedsler
Erik;Frost;Jordemoder;KvindeOgFoedsler
Lis;Svensson;Jordemoder;KvindeOgFoedsler
Bodil;Bjørnholt;Jordemoder;KvindeOgFoedsler
Per;Falk;Jordemoder;KvindeOgFoedsler
Jesper;Rohde;Jordemoder;KvindeOgFoedsler
Henry;Lind;Jordemoder;KvindeOgFoedsler
Børge;Jessen;Jordemoder;KvindeOgFoedsler
Emilie;Dalsgaard;Jordemoder;KvindeOgFoedsler
Jacob;Nygård;Jordemoder;KvindeOgFoedsler
Arne;Ravn;Jordemoder;KvindeOgFoedsler
Lærke;Paulsen;Jordemoder;KvindeOgFoedsler
Jesper;Olsson;Jordemoder;KvindeOgFoedsler
Finn;Taarnhøj;Jordemoder;KvindeOgFoedsler
Jens;Steenstrup;Jordemoder;KvindeOgFoedsler
Lis;Mortensen;Jordemoder;KvindeOgFoedsler
Malene;Lind;Jordemoder;KvindeOgFoedsler
Martin;Dalgård;Jordemoder;KvindeOgFoedsler
Alfred;Lassen;Jordemoder;KvindeOgFoedsler
Bodil;Kristiansen;Jordemoder;KvindeOgFoedsler
Jesper;Meinert;Jordemoder;KvindeOgFoedsler
Bente;Monrad;Jordemoder;KvindeOgFoedsler
Josefine;Bisgård;Jordemoder;KvindeOgFoedsler
Victoria;Aagaard;Jordemoder;KvindeOgFoedsler
Andreas;Sørensen;Jordemoder;KvindeOgFoedsler
Bjarne;Lassen;Jordemoder;KvindeOgFoedsler
Bente;Nygaard;Jordemoder;KvindeOgFoedsler
Arne;Dahl;Jordemoder;KvindeOgFoedsler
Kaj;Clausager;Jordemoder;KvindeOgFoedsler
Klara;Dalsgaard;Jordemoder;KvindeOgFoedsler
Maria;Hjorth;Jordemoder;KvindeOgFoedsler
Inge;Passer ;Jordemoder;KvindeOgFoedsler
Ingrid;Kofoed;Jordemoder;KvindeOgFoedsler
Jesper;Kirkegaard;Jordemoder;KvindeOgFoedsler
Jonas;Thygesen;Jordemoder;KvindeOgFoedsler
Hanne;Nilsson;Jordemoder;KvindeOgFoedsler
Helene;Lauridsen;Jordemoder;KvindeOgFoedsler
Daniel;Laursen;Jordemoder;KvindeOgFoedsler
Pelle;Dybdahl;Jordemoder;KvindeOgFoedsler
Charlotte;Lassen;Jordemoder;KvindeOgFoedsler
Bjarne;Nygård;Jordemoder;KvindeOgFoedsler
Åge;Matthesen;Jordemoder;KvindeOgFoedsler
Sebastian;Solberg;Jordemoder;KvindeOgFoedsler
Henry;Arendt;Jordemoder;KvindeOgFoedsler
Mads;Kjærgård;Jordemoder;KvindeOgFoedsler
Mads;Steen;Jordemoder;KvindeOgFoedsler
Kamilla;Westermann;Jordemoder;KvindeOgFoedsler
Holger;Strandberg;Jordemoder;KvindeOgFoedsler
Ove;Jørgensen;Jordemoder;KvindeOgFoedsler
Gitte;Rasmussen;Jordemoder;KvindeOgFoedsler
Niels;Sørensen;Jordemoder;KvindeOgFoedsler
Kaj;Mouritsen;Jordemoder;KvindeOgFoedsler
Ellen;Hemmingsen;Jordemoder;KvindeOgFoedsler
Clara;Meyer;Jordemoder;KvindeOgFoedsler
Louise;Henriksen;Jordemoder;KvindeOgFoedsler
Jesper;Johannesen;Jordemoder;KvindeOgFoedsler
Signe;Kristensen;Jordemoder;KvindeOgFoedsler
Victoria;Nissen;Jordemoder;KvindeOgFoedsler
Emilie;Bratt;Jordemoder;KvindeOgFoedsler
Bodil;Berthelsen;Jordemoder;KvindeOgFoedsler
Birte;Berendsen;Jordemoder;KvindeOgFoedsler
Bjarne;Kjær;Jordemoder;KvindeOgFoedsler
Daniel;Kallesoe;Jordemoder;KvindeOgFoedsler
Finn;Vestager;Jordemoder;KvindeOgFoedsler
Signe;Juhl;Jordemoder;KvindeOgFoedsler
Tove;Hviid;Jordemoder;KvindeOgFoedsler
Johannes;Winther;Jordemoder;KvindeOgFoedsler
Victoria;Dyrholm;Jordemoder;KvindeOgFoedsler
Kaj;Spang;Jordemoder;KvindeOgFoedsler
Per;Nielsen;Jordemoder;KvindeOgFoedsler
Marie;Knudsen;Jordemoder;KvindeOgFoedsler
Lene;Eriksen;Jordemoder;KvindeOgFoedsler
Ida;Nygård;Jordemoder;KvindeOgFoedsler
Erna;Friis;Jordemoder;KvindeOgFoedsler
Edith;Svensson;Jordemoder;KvindeOgFoedsler
Paul;Berendsen;Jordemoder;KvindeOgFoedsler
Oliver;Bjørnholt;Jordemoder;KvindeOgFoedsler
Anders;Nissen;Jordemoder;KvindeOgFoedsler
Niels;Jakobsen;Jordemoder;KvindeOgFoedsler
Pernille;Schack ;Jordemoder;KvindeOgFoedsler
Ingrid;Passer ;Jordemoder;KvindeOgFoedsler
Maria;Meyer;Jordemoder;KvindeOgFoedsler
Charlotte;Fischer;Jordemoder;KvindeOgFoedsler
Maria;Bruun;Jordemoder;KvindeOgFoedsler
Lærke;Johansen;Jordemoder;KvindeOgFoedsler
Christine;Søltoft;Jordemoder;KvindeOgFoedsler
Ole;Gade;Jordemoder;KvindeOgFoedsler
Silke;Buch;Jordemoder;KvindeOgFoedsler
Jan;Andreasen;Jordemoder;KvindeOgFoedsler
Mathias;Nygaard;Jordemoder;KvindeOgFoedsler
Lis;Vinther;Jordemoder;KvindeOgFoedsler
Finn;Mørk;Jordemoder;KvindeOgFoedsler
Harald;Troelsgaard;Jordemoder;KvindeOgFoedsler
Ulla;Bak;Jordemoder;KvindeOgFoedsler
Henning;Juhl;Jordemoder;KvindeOgFoedsler
Finn;Svendsen;Jordemoder;KvindeOgFoedsler
Karen;Mortensen;Jordemoder;KvindeOgFoedsler
Caroline;Overgaard;Jordemoder;KvindeOgFoedsler
Martin;Svendsen;Jordemoder;KvindeOgFoedsler
Maja;Dybdahl;Jordemoder;KvindeOgFoedsler
Helle;Bertelsen;Jordemoder;KvindeOgFoedsler
Signe;Dam;Jordemoder;KvindeOgFoedsler
Cecilie;Søgård;Jordemoder;KvindeOgFoedsler
Edith;Bundgård;Jordemoder;KvindeOgFoedsler
Ellen;Kessler;Jordemoder;KvindeOgFoedsler
Mary;Andreasen;Jordemoder;KvindeOgFoedsler
Josefine;Jespersen;Jordemoder;KvindeOgFoedsler
Susanne;Poulsen;Jordemoder;KvindeOgFoedsler
Margrethe;Buhr;Jordemoder;KvindeOgFoedsler
Camilla;Bundgård;Jordemoder;KvindeOgFoedsler
Kaj;Lund ;Jordemoder;KvindeOgFoedsler
Michael;Damgård;Jordemoder;KvindeOgFoedsler
Jørgen;Overgård;Jordemoder;KvindeOgFoedsler
Tobias;Eriksen;Jordemoder;KvindeOgFoedsler
Vibeke;Borg;Jordemoder;KvindeOgFoedsler
Harald;Fischer;Jordemoder;KvindeOgFoedsler
Birgitte;Munk;Jordemoder;KvindeOgFoedsler
Birte;Leth;Jordemoder;KvindeOgFoedsler
Mary;Sommer;Jordemoder;KvindeOgFoedsler
Jytte;Nielsen;Jordemoder;KvindeOgFoedsler
Finn;Meinert;Jordemoder;KvindeOgFoedsler
Karina;Østergaard;Jordemoder;KvindeOgFoedsler
Børge;Ranthe;Jordemoder;KvindeOgFoedsler
Kirstine;Ranthe;Jordemoder;KvindeOgFoedsler
Caroline;Kjærgaard;Jordemoder;KvindeOgFoedsler
Harald;Larsen;Jordemoder;KvindeOgFoedsler
Flemming;Stokholm;Jordemoder;KvindeOgFoedsler
Martin;Arendt;Jordemoder;KvindeOgFoedsler
Ingeborg;Matthesen;Jordemoder;KvindeOgFoedsler
Mathilde;Lorentzen;Jordemoder;KvindeOgFoedsler
Flemming;Laursen;Jordemoder;KvindeOgFoedsler
Johanne;Strandberg;Jordemoder;KvindeOgFoedsler
Victor;Thøgersen;Jordemoder;KvindeOgFoedsler
Oliver;Krog ;Jordemoder;KvindeOgFoedsler
Åse;Thorsen;Jordemoder;KvindeOgFoedsler
Kasper;Karlsen;Jordemoder;KvindeOgFoedsler
Victoria;Damgård;Jordemoder;KvindeOgFoedsler
Andreas;Hviid;Jordemoder;KvindeOgFoedsler
Svend;Krog ;Jordemoder;KvindeOgFoedsler
Viggo;Storm ;Jordemoder;KvindeOgFoedsler
Irene;Birch;Jordemoder;KvindeOgFoedsler
Kristian;Frederiksen;Jordemoder;KvindeOgFoedsler
Knud;Damgård;Jordemoder;KvindeOgFoedsler
Kim;Møller;Jordemoder;KvindeOgFoedsler
Katrine;FuhlenDorff;Jordemoder;KvindeOgFoedsler
Lars;Krogh;Jordemoder;KvindeOgFoedsler
Mathias;Huneke;Jordemoder;KvindeOgFoedsler
Johannes;Nilsson;Jordemoder;KvindeOgFoedsler
Marie;Hansen;Jordemoder;KvindeOgFoedsler
Signe;Larsen;Jordemoder;KvindeOgFoedsler
Åse;Holst;Jordemoder;KvindeOgFoedsler
Maria;Overgaard;Jordemoder;KvindeOgFoedsler
Ingrid;Prahl;Jordemoder;KvindeOgFoedsler
Bente;Jensen;Jordemoder;KvindeOgFoedsler
Birgit;Søltoft;Jordemoder;KvindeOgFoedsler
Bjarne;Kristoffersen;Jordemoder;KvindeOgFoedsler
Rasmus;Juhl;Jordemoder;KvindeOgFoedsler
Nikolaj;Falk;Jordemoder;KvindeOgFoedsler
Børge;Kjeldsen;Jordemoder;KvindeOgFoedsler
Christoffer;Nilsson;Jordemoder;KvindeOgFoedsler
Poul;Kirkegaard;Jordemoder;KvindeOgFoedsler
Christian;Hedegaard;Jordemoder;KvindeOgFoedsler
Lone;Andersen ;Jordemoder;KvindeOgFoedsler
Caroline;Thøgersen;Jordemoder;KvindeOgFoedsler
Signe;Solberg;Jordemoder;KvindeOgFoedsler
Helle;Mølgaard;Jordemoder;KvindeOgFoedsler
Viggo;Bang;Jordemoder;KvindeOgFoedsler
Bente;Clausager;Læge;KvindeOgFoedsler
Marie;Schmidt;Læge;KvindeOgFoedsler
Kim;Østergaard;Læge;KvindeOgFoedsler
Jytte;Talbot;Læge;KvindeOgFoedsler
Torben;Svendsen;Læge;KvindeOgFoedsler
Mary;Persson;Læge;KvindeOgFoedsler
Julie;Schultz;Læge;KvindeOgFoedsler
Rasmus;Ravn;Læge;KvindeOgFoedsler
Katrine;Johannesen;Læge;KvindeOgFoedsler
Flemming;Hansen ;Læge;KvindeOgFoedsler
Kirsten;Thygesen;Læge;KvindeOgFoedsler
Signe;Hansen;Læge;KvindeOgFoedsler
Peter;Villadsen;Læge;KvindeOgFoedsler
Gerda;Koch;Læge;KvindeOgFoedsler
Edith;Krogh;Læge;KvindeOgFoedsler
Oliver;Poulsen;Læge;KvindeOgFoedsler
Henning;Bech;Læge;KvindeOgFoedsler
Karina;Bertelsen;Læge;KvindeOgFoedsler
Bente;Talbot;Læge;KvindeOgFoedsler
Susanne;Solberg;Læge;KvindeOgFoedsler
Henrik;Mortensen;Læge;KvindeOgFoedsler
Karoline;Bak;Læge;KvindeOgFoedsler
Amalie;Kjeldsen;Læge;KvindeOgFoedsler
Else;Bundgaard;Læge;KvindeOgFoedsler
Edith;Aagaard;Læge;KvindeOgFoedsler
Susanne;Jacobsen;Læge;KvindeOgFoedsler
Henning;Paulsen;Læge;KvindeOgFoedsler
Lis;Ranthe;Læge;KvindeOgFoedsler
Peter;Henningsen;Læge;KvindeOgFoedsler
Per;Bonde;Læge;KvindeOgFoedsler
Ole;Frandsen;Læge;KvindeOgFoedsler
Frederik;Hansen;Læge;KvindeOgFoedsler
Laura;Leth;Læge;KvindeOgFoedsler
Christine;Enevoldsen;Læge;KvindeOgFoedsler
Erik;Bisgård;Læge;KvindeOgFoedsler
Mathias;Engelstoft;Læge;KvindeOgFoedsler
Anna;Krog ;Læge;KvindeOgFoedsler
Bjarne;Laursen;Læge;KvindeOgFoedsler
Lucas;Kruse;Læge;KvindeOgFoedsler
Katrine;Huneke;Læge;KvindeOgFoedsler
Bjarne;Hansen;Læge;KvindeOgFoedsler
Tove;Hemmingsen;Læge;KvindeOgFoedsler
Susanne;Sørensen;Læge;KvindeOgFoedsler
Malene;Aagaard;Læge;KvindeOgFoedsler
Vibeke;Kirkegaard;Læge;KvindeOgFoedsler
Anders;Berendsen;Læge;KvindeOgFoedsler
Aage;Nilsson;Læge;KvindeOgFoedsler
Daniel;Rohde;Læge;KvindeOgFoedsler
Amalie;Nygård;Læge;KvindeOgFoedsler
Sofie;Kristensen;Læge;KvindeOgFoedsler
Johanne;Dam;Læge;KvindeOgFoedsler
Helene;Schultz;Læge;KvindeOgFoedsler
Charlotte;Riis;Læge;KvindeOgFoedsler
Oluf;Bendtsen;Læge;KvindeOgFoedsler
Lucas;Koch;Læge;KvindeOgFoedsler
Lars;Lind;Læge;KvindeOgFoedsler
Joachim;Michelsen;Læge;KvindeOgFoedsler
Julie;Bundgaard;Læge;KvindeOgFoedsler
Susanne;Bundgaard;Læge;KvindeOgFoedsler
Mathias;Bang;Læge;KvindeOgFoedsler
Signe;Bundgaard;Læge;KvindeOgFoedsler
Gerda;Thygesen;Læge;KvindeOgFoedsler
Otto;Berthelsen;Læge;KvindeOgFoedsler
Signe;Munk;Læge;KvindeOgFoedsler
Line;Nørgaard;Læge;KvindeOgFoedsler
Finn;Bech;Læge;KvindeOgFoedsler
Bodil;Andersen ;Læge;KvindeOgFoedsler
Magnus;Brandt;Læge;KvindeOgFoedsler
Lucas;Danielsen;Læge;KvindeOgFoedsler
Åge;Winther;Læge;KvindeOgFoedsler
Silke;Dalgård;Læge;KvindeOgFoedsler
Åge;Jespersen;Læge;KvindeOgFoedsler
Sebastian;Dybdahl;Læge;KvindeOgFoedsler
Holger;Overgaard;Læge;KvindeOgFoedsler
Thomas;Schultz;Læge;KvindeOgFoedsler
Ingeborg;Kragh;Læge;KvindeOgFoedsler
Lars;Falk;Læge;KvindeOgFoedsler
Sofie;Eriksen;Læge;KvindeOgFoedsler
Kirstine;Christensen;Læge;KvindeOgFoedsler
Valdemar;Bjerre;Læge;KvindeOgFoedsler
Kristian;Jeppesen;Læge;KvindeOgFoedsler
Søren;FuhlenDorff;Læge;KvindeOgFoedsler
Charlotte;Dybvad;Læge;KvindeOgFoedsler
Mikkel;Thomsen;Læge;KvindeOgFoedsler
Bjarne;Jessen;Læge;KvindeOgFoedsler
Per;Hald;Læge;KvindeOgFoedsler
Jørgen;FuhlenDorff;Læge;KvindeOgFoedsler
Valdemar;Pedersen;Læge;KvindeOgFoedsler
Johanne;FuhlenDorff;Læge;KvindeOgFoedsler
Magnus;Dyrholm;Læge;KvindeOgFoedsler
John;Lauritzen;Læge;KvindeOgFoedsler
Otto;Nygaard;Læge;KvindeOgFoedsler
Grethe;Overgård;Læge;KvindeOgFoedsler
Jytte;Jønsson;Læge;KvindeOgFoedsler
Peder;Hunnerup;Læge;KvindeOgFoedsler
Thomas;Hald;Læge;KvindeOgFoedsler
Ingrid;Hansen ;Læge;KvindeOgFoedsler
Marie;Clausen;Læge;KvindeOgFoedsler
Magnus;Steen;Læge;KvindeOgFoedsler
Gitte;Bjerre;Læge;KvindeOgFoedsler
Magnus;Hald;Læge;KvindeOgFoedsler
Klara;Mikkelsen;Læge;KvindeOgFoedsler
Sascha;Overgård;Ledende oversygeplejeske;Hjertesygdomme
Poul;Lund;Ledende Læge;Hjertesygdomme
Bente;Beck;Sygeplejeske;Hjertesygdomme
Johanne;Hansen ;Sygeplejeske;Hjertesygdomme
Ingeborg;Andersen ;Sygeplejeske;Hjertesygdomme
Jan;Vinther;Sygeplejeske;Hjertesygdomme
Torben;Johansen;Sygeplejeske;Hjertesygdomme
Christian;Munk;Sygeplejeske;Hjertesygdomme
Torben;Lorentzen;Sygeplejeske;Hjertesygdomme
Anne;Berthelsen;Sygeplejeske;Hjertesygdomme
Viggo;Steffensen;Sygeplejeske;Hjertesygdomme
Mikkel;Birch;Sygeplejeske;Hjertesygdomme
Irene;Søltoft;Sygeplejeske;Hjertesygdomme
Johannes;Holm;Sygeplejeske;Hjertesygdomme
Søren;Kampmann;Sygeplejeske;Hjertesygdomme
Ingrid;Bøttger;Sygeplejeske;Hjertesygdomme
Sofie;Solberg;Sygeplejeske;Hjertesygdomme
Kamilla;Lund;Sygeplejeske;Hjertesygdomme
Gerda;Kjær;Sygeplejeske;Hjertesygdomme
Lone;Krogh;Sygeplejeske;Hjertesygdomme
Kasper;Davidsen;Sygeplejeske;Hjertesygdomme
Leif;Ranthe;Sygeplejeske;Hjertesygdomme
Lone;Østergård;Sygeplejeske;Hjertesygdomme
Lærke;Enevoldsen;Sygeplejeske;Hjertesygdomme
Oluf;Panum;Sygeplejeske;Hjertesygdomme
Louise;Bjerre;Sygeplejeske;Hjertesygdomme
Anna;Kjærgård;Sygeplejeske;Hjertesygdomme
Erik;Bisgaard;Sygeplejeske;Hjertesygdomme
John;Westermann;Sygeplejeske;Hjertesygdomme
Vibeke;Spang;Sygeplejeske;Hjertesygdomme
Paul;Rasmussen;Sygeplejeske;Hjertesygdomme
Helle;Simonsen;Sygeplejeske;Hjertesygdomme
Gitte;Arendt;Sygeplejeske;Hjertesygdomme
Otto;Overgaard;Sygeplejeske;Hjertesygdomme
Emma;Dybdahl;Sygeplejeske;Hjertesygdomme
Sofie;Dam;Sygeplejeske;Hjertesygdomme
Kristine;Søndergaard;Sygeplejeske;Hjertesygdomme
Mette;Overgaard;Sygeplejeske;Hjertesygdomme
Kristoffer;Hunnerup;Sygeplejeske;Hjertesygdomme
Martin;Kjærsgaard;Sygeplejeske;Hjertesygdomme
Silke;Kristiansen;Sygeplejeske;Hjertesygdomme
Lone;Hansen ;Sygeplejeske;Hjertesygdomme
Ulla;Schou;Sygeplejeske;Hjertesygdomme
Mary;Berg;Sygeplejeske;Hjertesygdomme
Jesper;Overgård;Sygeplejeske;Hjertesygdomme
Karoline;Kragh;Sygeplejeske;Hjertesygdomme
Jonas;Sommer;Sygeplejeske;Hjertesygdomme
Jens;Kampmann;Sygeplejeske;Hjertesygdomme
Aage;Dalsgaard;Sygeplejeske;Hjertesygdomme
Kaj;Riis;Sygeplejeske;Hjertesygdomme
Erik;Bak;Sygeplejeske;Hjertesygdomme
Malene;Aagaard;Sygeplejeske;Hjertesygdomme
Jette;Petersen;Sygeplejeske;Hjertesygdomme
Klara;Bisgaard;Sygeplejeske;Hjertesygdomme
Magnus;Falk;Sygeplejeske;Hjertesygdomme
Erna;Thomassen;Sygeplejeske;Hjertesygdomme
Maja;Madsen;Sygeplejeske;Hjertesygdomme
Niels;Kirkegaard;Sygeplejeske;Hjertesygdomme
Malene;Kristiansen;Sygeplejeske;Hjertesygdomme
Otto;Pedersen;Sygeplejeske;Hjertesygdomme
Carl;Birch;Sygeplejeske;Hjertesygdomme
Inger;Øgendahl;Sygeplejeske;Hjertesygdomme
Lone;Schack ;Sygeplejeske;Hjertesygdomme
Pia;Lassen;Sygeplejeske;Hjertesygdomme
Rasmus;Steen;Sygeplejeske;Hjertesygdomme
Egon;Talbot;Sygeplejeske;Hjertesygdomme
Gerda;Albæk;Sygeplejeske;Hjertesygdomme
Maja;Thygesen;Sygeplejeske;Hjertesygdomme
Inge;Karlsen;Sygeplejeske;Hjertesygdomme
Katrine;Taarnhøj;Sygeplejeske;Hjertesygdomme
Ingrid;Christiansen;Sygeplejeske;Hjertesygdomme
Ove;Iversen;Sygeplejeske;Hjertesygdomme
Jonas;Dalsgaard;Sygeplejeske;Hjertesygdomme
Christian;Vestergård;Sygeplejeske;Hjertesygdomme
Agnes;Vestager;Sygeplejeske;Hjertesygdomme
Kim;Lund ;Sygeplejeske;Hjertesygdomme
Agnes;Michelsen;Sygeplejeske;Hjertesygdomme
Marie;Juhl;Sygeplejeske;Hjertesygdomme
Bjarne;Knudsen;Sygeplejeske;Hjertesygdomme
Lis;Bech;Sygeplejeske;Hjertesygdomme
Charlotte;Toft;Sygeplejeske;Hjertesygdomme
Johanne;Spang;Sygeplejeske;Hjertesygdomme
Victoria;Ibsen;Sygeplejeske;Hjertesygdomme
Freja;Lauritsen;Læge;Hjertesygdomme
Gorm;Schack ;Læge;Hjertesygdomme
Ulla;Lauridsen;Læge;Hjertesygdomme
Abel;Johansen;Læge;Hjertesygdomme
Mads;Friis;Læge;Hjertesygdomme
Julie;Pedersen;Læge;Hjertesygdomme
Johannes;Andreasen;Læge;Hjertesygdomme
Ove;Dalsgaard;Læge;Hjertesygdomme
Aage;Schack ;Læge;Hjertesygdomme
Emma;Mouritsen;Læge;Hjertesygdomme
Kim;Mortensen;Læge;Hjertesygdomme
Victoria;Kristiansen;Læge;Hjertesygdomme
Malene;Bjerregaard;Læge;Hjertesygdomme
Jakob;Heller;Læge;Hjertesygdomme
Irene;Kampmann;Læge;Hjertesygdomme
Daniel;Lauritsen;Læge;Hjertesygdomme
Karina;Bendtsen;Læge;Hjertesygdomme
Svend;Kruse;Læge;Hjertesygdomme
Jesper;Steffensen;Læge;Hjertesygdomme
Mette;Laustsen;Læge;Hjertesygdomme
Tobias;Klausen;Læge;Hjertesygdomme
Egon;Bjørnholt;Læge;Hjertesygdomme
Else;Bruun;Læge;Hjertesygdomme
Amalie;Bendtsen;Læge;Hjertesygdomme
Jonas;Nielsen;Læge;Hjertesygdomme
Tove;Buhr;Læge;Hjertesygdomme
Peter;Frost;Læge;Hjertesygdomme
Pernille;Riis;Læge;Hjertesygdomme
Birgitte;Paulsen;Læge;Hjertesygdomme
Emil;Meyer;Læge;Hjertesygdomme
Kim;Schrøder;Læge;Hjertesygdomme
Jacob;Fischer;Læge;Hjertesygdomme
Freja;Buch;Læge;Hjertesygdomme
Børge;Aagaard;Læge;Hjertesygdomme
Kasper;Mørk;Læge;Hjertesygdomme
Søren;Søltoft;Læge;Hjertesygdomme
Hans;Damgård;Læge;Hjertesygdomme
Mads;Solberg;Apotekschef;Hospitalsapoteket
Mikkel;Mathiesen;Farmaceut;Hospitalsapoteket
Bent;Beck;Farmaceut;Hospitalsapoteket
Bent;Friis;Farmaceut;Hospitalsapoteket
Cecilie;Bratt;Farmaceut;Hospitalsapoteket
Andreas;Troelsgaard;Farmaceut;Hospitalsapoteket
Agnes;Falk;Farmaceut;Hospitalsapoteket
Emil;Nilsson;Farmaceut;Hospitalsapoteket
Viggo;Jørgensen;Farmaceut;Hospitalsapoteket
Birgit;Bech;Farmaceut;Hospitalsapoteket
Anders;Nørgaard;Farmaceut;Hospitalsapoteket
Josefine;Nilsson;Farmaceut;Hospitalsapoteket
Birgit;Michelsen;Farmaceut;Hospitalsapoteket
Johanne;Søndergård;Farmaceut;Hospitalsapoteket
Emil;Kjeldsen;Farmaceut;Hospitalsapoteket
Cecilie;Thorø;Farmaceut;Hospitalsapoteket
Jakob;Jacobsen;Farmaceut;Hospitalsapoteket
Agnes;Simonsen;Farmaceut;Hospitalsapoteket
Oliver;Carlsen;Farmaceut;Hospitalsapoteket
Torben;Hougaard;Farmaceut;Hospitalsapoteket
Ulla;Bjørnholt;Farmaceut;Hospitalsapoteket
Andreas;Ravn;Farmaceut;Hospitalsapoteket
Silke;Christensen;Farmaceut;Hospitalsapoteket
Camilla;Larsen;Farmaceut;Hospitalsapoteket
Rasmus;Sommer;Farmaceut;Hospitalsapoteket
Christoffer;Hviid;Farmaceut;Hospitalsapoteket
Åge;Iversen;Farmaceut;Hospitalsapoteket
Jan;Ravn;Farmaceut;Hospitalsapoteket
Poul;Bjerre;Farmaceut;Hospitalsapoteket
Jesper;Clausen;Farmaceut;Hospitalsapoteket
Joachim;Østergaard;Farmaceut;Hospitalsapoteket
Pia;Lorentzen;Farmaceut;Hospitalsapoteket
Jytte;Huneke;Farmaceut;Hospitalsapoteket
Christoffer;Frandsen;Farmaceut;Hospitalsapoteket
Maja;Nørgaard;Farmaceut;Hospitalsapoteket
Grethe;Søndergård;Ledende oversygeplejeske;MaveOgTarm
Henry;Møller;Ledende overlæge;MaveOgTarm
Signe;Andersen;Kirurg;MaveOgTarm
Niels;Dam;Kirurg;MaveOgTarm
Mathilde;Thomsen;Kirurg;MaveOgTarm
Peter;Johansen;Kirurg;MaveOgTarm
Ingeborg;Bonde;Kirurg;MaveOgTarm
Leif;Nygård;Kirurg;MaveOgTarm
Hanne;Solberg;Kirurg;MaveOgTarm
Lene;Frische;Læge;MaveOgTarm
Kamilla;Christoffersen;Læge;MaveOgTarm
Irene;Kramp;Læge;MaveOgTarm
Leif;Kjærsgaard;Læge;MaveOgTarm
Mette;Bendtsen;Læge;MaveOgTarm
Anne;Pilmark;Læge;MaveOgTarm
Malene;Hald;Læge;MaveOgTarm
John;Krogh;Læge;MaveOgTarm
Joachim;Schack ;Læge;MaveOgTarm
Jytte;Mølgaard;Læge;MaveOgTarm
Pia;Steen;Læge;MaveOgTarm
Mads;Tvedebrink;Læge;MaveOgTarm
Alfred;Falk;Læge;MaveOgTarm
Lis;Søndergaard;Læge;MaveOgTarm
Sebastian;Lassen;Læge;MaveOgTarm
Anders;Pilmark;Læge;MaveOgTarm
Laura;Mathiesen;Læge;MaveOgTarm
Caroline;Bisgård;Læge;MaveOgTarm
Mette;Dam;Læge;MaveOgTarm
Mette;Hviid;Læge;MaveOgTarm
Kristine;Pedersen;Læge;MaveOgTarm
Per;Vestergaard;Læge;MaveOgTarm
Bente;Thøgersen;Læge;MaveOgTarm
Ruth;Matthesen;Læge;MaveOgTarm
Henning;Karlsen;Sygeplejeske;MaveOgTarm
Per;Hald;Sygeplejeske;MaveOgTarm
Abel;Ibsen;Sygeplejeske;MaveOgTarm
Ove;Falk;Sygeplejeske;MaveOgTarm
Kirsten;Hansen ;Sygeplejeske;MaveOgTarm
Valdemar;Munk;Sygeplejeske;MaveOgTarm
Sten;Sloth;Sygeplejeske;MaveOgTarm
Ulla;Bjørnholt;Sygeplejeske;MaveOgTarm
Camilla;Johansen;Sygeplejeske;MaveOgTarm
Johanne;Hald;Sygeplejeske;MaveOgTarm
Freja;Lund ;Sygeplejeske;MaveOgTarm
Christoffer;Thorø;Sygeplejeske;MaveOgTarm
Svend;Dalgård;Sygeplejeske;MaveOgTarm
Karen;Dalgård;Sygeplejeske;MaveOgTarm
Kim;Borg;Sygeplejeske;MaveOgTarm
Ingeborg;Winther;Sygeplejeske;MaveOgTarm
Knud;Lind;Sygeplejeske;MaveOgTarm
Nikolaj;Topsøe;Sygeplejeske;MaveOgTarm
Morten;Mogensen;Sygeplejeske;MaveOgTarm
Rasmus;Møller;Sygeplejeske;MaveOgTarm
Pelle;Bisgård;Sygeplejeske;MaveOgTarm
Mads;Panum;Sygeplejeske;MaveOgTarm
Julie;Markussen;Sygeplejeske;MaveOgTarm
Margrethe;Gregersen;Sygeplejeske;MaveOgTarm
Lærke;Frandsen;Sygeplejeske;MaveOgTarm
Johanne;Hansen;Sygeplejeske;MaveOgTarm
Sten;Bøttger;Sygeplejeske;MaveOgTarm
Lone;Schultz;Sygeplejeske;MaveOgTarm
Finn;Kramp;Sygeplejeske;MaveOgTarm
Clara;Jakobsen;Sygeplejeske;MaveOgTarm
Josefine;Kampmann;Sygeplejeske;MaveOgTarm
Kristine;Bak;Sygeplejeske;MaveOgTarm
Frederik;Bøttger;Sygeplejeske;MaveOgTarm
Malene;Kragh;Sygeplejeske;MaveOgTarm
Marie;Nygård;Sygeplejeske;MaveOgTarm
Joachim;Søndergaard;Sygeplejeske;MaveOgTarm
Knud;Mikkelsen;Sygeplejeske;MaveOgTarm
Agnes;Kragh;Sygeplejeske;MaveOgTarm
Christine;Bjerre;Sygeplejeske;MaveOgTarm
Vibeke;Frost;Sygeplejeske;MaveOgTarm
Pia;Davidsen;Sygeplejeske;MaveOgTarm
Helle;Tvedebrink;Sygeplejeske;MaveOgTarm
Karina;Olesen;Sygeplejeske;MaveOgTarm
Irene;Bjerre;Sygeplejeske;MaveOgTarm
Nikolaj;Andersen;Sygeplejeske;MaveOgTarm
Mogens;Lund;Sygeplejeske;MaveOgTarm
Bente;Thomassen;Sygeplejeske;MaveOgTarm
Inger;Hviid;Sygeplejeske;MaveOgTarm
John;Kjærsgaard;Sygeplejeske;MaveOgTarm
Caroline;Hemmingsen;Sygeplejeske;MaveOgTarm
Oliver;Olesen;Sygeplejeske;MaveOgTarm
Frederik;Vestergård;Sygeplejeske;MaveOgTarm
Frederik;Steenstrup;Sygeplejeske;MaveOgTarm
Carl;Hald;Sygeplejeske;MaveOgTarm
Victor;Krog;Sygeplejeske;MaveOgTarm
Niels;Meinert;Sygeplejeske;MaveOgTarm
Valdemar;Poulsen;Sygeplejeske;MaveOgTarm
Jytte;Pedersen;Sygeplejeske;MaveOgTarm
Lise;Meyer;Sygeplejeske;MaveOgTarm
Jens;Kramp;Sygeplejeske;MaveOgTarm
Nikolaj;Hougaard;Sygeplejeske;MaveOgTarm
Oliver;Juhl;Sygeplejeske;MaveOgTarm
John;Matthesen;Sygeplejeske;MaveOgTarm
Poul;Spang;Sygeplejeske;MaveOgTarm
Jørgen;Nilsson;Sygeplejeske;MaveOgTarm
Birgitte;Hjortshøj;Sygeplejeske;MaveOgTarm
Ove;Arreborg;Sygeplejeske;MaveOgTarm
Kaj;Lund ;Sygeplejeske;MaveOgTarm
Rasmus;Søgaard;Sygeplejeske;MaveOgTarm
Karina;Olsson;Sygeplejeske;MaveOgTarm
Jens;Kallesoe;Sygeplejeske;MaveOgTarm
Birte;Dahl;Sygeplejeske;MaveOgTarm
Sten;Vestergaard;Sygeplejeske;MaveOgTarm
Abel;Søltoft;Sygeplejeske;MaveOgTarm
Kirsten;Nissen;Sygeplejeske;MaveOgTarm
Pelle;Berthelsen;Sygeplejeske;MaveOgTarm
Poul;Kretz;Sygeplejeske;MaveOgTarm
Andreas;Kofoed;Sygeplejeske;MaveOgTarm
Birgit;Søltoft;Sygeplejeske;MaveOgTarm
Tove;Søndergård;Sygeplejeske;MaveOgTarm
Alfred;Michelsen;Sygeplejeske;MaveOgTarm
Edith;Jønsson;Sygeplejeske;MaveOgTarm
Arne;Hoffmann;Sygeplejeske;MaveOgTarm
Anne;Ibsen;Sygeplejeske;MaveOgTarm
Gerda;Klausen;Sygeplejeske;MaveOgTarm
Alfred;Nygaard;Sygeplejeske;MaveOgTarm
Lene;Laursen;Sygeplejeske;MaveOgTarm
Josefine;Madsen;Sygeplejeske;MaveOgTarm
Anna;FuhlenDorff;Sygeplejeske;MaveOgTarm
Pernille;Petersen;Sygeplejeske;MaveOgTarm
Birgitte;Hansen;Sygeplejeske;MaveOgTarm
Maja;Stokholm;Sygeplejeske;MaveOgTarm
Julie;Lange;Sygeplejeske;MaveOgTarm
Mary;Munk;Sygeplejeske;MaveOgTarm
Thomas;Brøgger;Sygeplejeske;MaveOgTarm
Lise;Frische;Sygeplejeske;MaveOgTarm
Anders;Carlsen;Sygeplejeske;MaveOgTarm
John;Nygaard;Sygeplejeske;MaveOgTarm
Mogens;Spang;Sygeplejeske;MaveOgTarm
Jan;Hedegaard;Sygeplejeske;MaveOgTarm
Sten;Hunnerup;Sygeplejeske;MaveOgTarm
Ellen;Simonsen;Sygeplejeske;MaveOgTarm
Karina;Hedegaard;Sygeplejeske;MaveOgTarm
Holger;Iversen;Sygeplejeske;MaveOgTarm
Henning;Laursen;Sygeplejeske;MaveOgTarm
Ruth;Carlsen;Sygeplejeske;MaveOgTarm
Kasper;Vestergård;Sygeplejeske;MaveOgTarm
Michael;Krog;Sygeplejeske;MaveOgTarm
Birte;Kjærgård;Sygeplejeske;MaveOgTarm
Helene;Johannesen;Sygeplejeske;MaveOgTarm
Susanne;Bernstorff;Sygeplejeske;MaveOgTarm
Julie;Schack ;Sygeplejeske;MaveOgTarm
Jytte;Riis;Sygeplejeske;MaveOgTarm
Frederik;Kramp;Sygeplejeske;MaveOgTarm
Lise;Nygaard;Sygeplejeske;MaveOgTarm
Bodil;Danielsen;Sygeplejeske;MaveOgTarm
Emma;Troelsgaard;Sygeplejeske;MaveOgTarm
Rasmus;Hemmingsen;Sygeplejeske;MaveOgTarm
Christine;Andreasen;Sygeplejeske;MaveOgTarm
Malene;Schou;Sygeplejeske;MaveOgTarm
Julie;Skov;Sygeplejeske;MaveOgTarm
Mary;Steffensen;Sygeplejeske;MaveOgTarm
Jacob;Lorenzen;Sygeplejeske;MaveOgTarm
Gitte;Krog ;Sygeplejeske;MaveOgTarm
Thomas;Bundgaard;Sygeplejeske;MaveOgTarm
Svend;Schack ;Sygeplejeske;MaveOgTarm
Marcus;Kristensen;Sygeplejeske;MaveOgTarm
Søren;Søgaard;Sygeplejeske;MaveOgTarm
Christian;Hunnerup;Sygeplejeske;MaveOgTarm
Edith;Kjærgård;Sygeplejeske;MaveOgTarm
Åse;Winther;Sygeplejeske;MaveOgTarm
Mary;Bertelsen;Sygeplejeske;MaveOgTarm
Peter;FuhlenDorff;Sygeplejeske;MaveOgTarm
Sofie;Fischer;Sygeplejeske;MaveOgTarm
Carl;Mølgård;Sygeplejeske;MaveOgTarm
Anne;Huneke;Sygeplejeske;MaveOgTarm
Else;Lorentzen;Sygeplejeske;MaveOgTarm
Malene;Troelsgaard;Sygeplejeske;MaveOgTarm
Kristoffer;Kjærgaard;Sygeplejeske;MaveOgTarm
Morten;Bisgaard;Sygeplejeske;MaveOgTarm
Christian;Borg;Sygeplejeske;MaveOgTarm
Børge;Kallesoe;Sygeplejeske;MaveOgTarm
Kurt;Strandberg;Sygeplejeske;MaveOgTarm
Erik;Jørgensen;Sygeplejeske;MaveOgTarm
Johannes;Caspersen;Sygeplejeske;MaveOgTarm
Morten;Asmussen;Sygeplejeske;MaveOgTarm
Jesper;Bjerre;Sygeplejeske;MaveOgTarm
Ellen;Kragh;Ledende oversygeplejeske;BlodproeverOgBiokemi
Joachim;Bang;Ledende overlæge;BlodproeverOgBiokemi
Camilla;Troelsgaard;Sygeplejeske;BlodproeverOgBiokemi
Kasper;Arendt;Sygeplejeske;BlodproeverOgBiokemi
Jakob;Schmidt;Sygeplejeske;BlodproeverOgBiokemi
Kristian;Kjærgaard;Sygeplejeske;BlodproeverOgBiokemi
Vibeke;Lauritzen;Sygeplejeske;BlodproeverOgBiokemi
Jesper;Nygård;Sygeplejeske;BlodproeverOgBiokemi
Gorm;Bertelsen;Sygeplejeske;BlodproeverOgBiokemi
Nikolaj;Karlsen;Sygeplejeske;BlodproeverOgBiokemi
Preben;Frederiksen;Sygeplejeske;BlodproeverOgBiokemi
Josefine;Svensson;Sygeplejeske;BlodproeverOgBiokemi
Amalie;Birch;Sygeplejeske;BlodproeverOgBiokemi
Helene;Kjær;Sygeplejeske;BlodproeverOgBiokemi
Kirsten;Mathiasen;Sygeplejeske;BlodproeverOgBiokemi
Søren;Jespersen;Sygeplejeske;BlodproeverOgBiokemi
Egon;Dam;Sygeplejeske;BlodproeverOgBiokemi
Sebastian;Østergård;Sygeplejeske;BlodproeverOgBiokemi
Carl;Mogensen;Sygeplejeske;BlodproeverOgBiokemi
Aage;Meinert;Sygeplejeske;BlodproeverOgBiokemi
Hanne;Østergaard;Sygeplejeske;BlodproeverOgBiokemi
Martin;Mørk;Sygeplejeske;BlodproeverOgBiokemi
Nikolaj;Bisgård;Sygeplejeske;BlodproeverOgBiokemi
Caroline;Stokholm;Sygeplejeske;BlodproeverOgBiokemi
Lars;Frost;Sygeplejeske;BlodproeverOgBiokemi
Børge;Kramp;Sygeplejeske;BlodproeverOgBiokemi
Per;Nilsson;Sygeplejeske;BlodproeverOgBiokemi
Jesper;Juul;Sygeplejeske;BlodproeverOgBiokemi
Gudrun;Bundgaard;Sygeplejeske;BlodproeverOgBiokemi
Vibeke;Dam;Sygeplejeske;BlodproeverOgBiokemi
Torben;Bjerre;Sygeplejeske;BlodproeverOgBiokemi
Gorm;Hald;Sygeplejeske;BlodproeverOgBiokemi
Gitte;Bruun;Sygeplejeske;BlodproeverOgBiokemi
Vibeke;Mortensen;Sygeplejeske;BlodproeverOgBiokemi
Signe;Hermansen;Sygeplejeske;BlodproeverOgBiokemi
Maja;Schultz;Sygeplejeske;BlodproeverOgBiokemi
Tobias;Hjorth;Sygeplejeske;BlodproeverOgBiokemi
Marianne;Toft;Sygeplejeske;BlodproeverOgBiokemi
Henrik;Christiansen;Sygeplejeske;BlodproeverOgBiokemi
Åge;Clausager;Sygeplejeske;BlodproeverOgBiokemi
Helle;Lund ;Sygeplejeske;BlodproeverOgBiokemi
Henry;Persson;Sygeplejeske;BlodproeverOgBiokemi
Oluf;Toft;Sygeplejeske;BlodproeverOgBiokemi
Mikkel;Enevoldsen;Sygeplejeske;BlodproeverOgBiokemi
Peter;Overgård;Sygeplejeske;BlodproeverOgBiokemi
Laura;Madsen;Sygeplejeske;BlodproeverOgBiokemi
Jonas;Vestergård;Sygeplejeske;BlodproeverOgBiokemi
Mary;Enevoldsen;Sygeplejeske;BlodproeverOgBiokemi
Maja;Lauridsen;Sygeplejeske;BlodproeverOgBiokemi
Poul;Larsen;Sygeplejeske;BlodproeverOgBiokemi
Klara;Dybdahl;Sygeplejeske;BlodproeverOgBiokemi
Kirsten;Frische;Sygeplejeske;BlodproeverOgBiokemi
Arne;Kristoffersen;Sygeplejeske;BlodproeverOgBiokemi
Nikolaj;Mærsk;Sygeplejeske;BlodproeverOgBiokemi
Agnes;Clausager;Sygeplejeske;BlodproeverOgBiokemi
Anders;Thomassen;Sygeplejeske;BlodproeverOgBiokemi
Ingeborg;Pilmark;Sygeplejeske;BlodproeverOgBiokemi
Laura;Lauritzen;Sygeplejeske;BlodproeverOgBiokemi
Marie;Vestergård;Sygeplejeske;BlodproeverOgBiokemi
Margrethe;Dalgård;Sygeplejeske;BlodproeverOgBiokemi
Michael;Svensson;Sygeplejeske;BlodproeverOgBiokemi
Kirsten;Kragh;Sygeplejeske;BlodproeverOgBiokemi
Marcus;Nikolajsen;Sygeplejeske;BlodproeverOgBiokemi
Emilie;Nørgård;Sygeplejeske;BlodproeverOgBiokemi
Ulla;Hedegaard;Sygeplejeske;BlodproeverOgBiokemi
Jette;Thøgersen;Sygeplejeske;BlodproeverOgBiokemi
Sebastian;Gregersen;Sygeplejeske;BlodproeverOgBiokemi
Søren;Henriksen;Sygeplejeske;BlodproeverOgBiokemi
Michael;Thomsen;Sygeplejeske;BlodproeverOgBiokemi
Maja;Storm ;Sygeplejeske;BlodproeverOgBiokemi
Ulla;Henningsen;Sygeplejeske;BlodproeverOgBiokemi
Kristian;Andreasen;Sygeplejeske;BlodproeverOgBiokemi
Kaj;Vestergård;Sygeplejeske;BlodproeverOgBiokemi
Arne;Dybvad;Sygeplejeske;BlodproeverOgBiokemi
Hans;Lorenzen;Sygeplejeske;BlodproeverOgBiokemi
Kurt;Kjeldsen;Sygeplejeske;BlodproeverOgBiokemi
Børge;Michelsen;Sygeplejeske;BlodproeverOgBiokemi
Oliver;Dalgård;Sygeplejeske;BlodproeverOgBiokemi
Svend;Kessler;Sygeplejeske;BlodproeverOgBiokemi
Ove;Hedegaard;Sygeplejeske;BlodproeverOgBiokemi
Victor;Dybvad;Sygeplejeske;BlodproeverOgBiokemi
John;Hansen ;Sygeplejeske;BlodproeverOgBiokemi
Sebastian;Thorsen;Sygeplejeske;BlodproeverOgBiokemi
Signe;Møller;Sygeplejeske;BlodproeverOgBiokemi
Mette;Asmussen;Sygeplejeske;BlodproeverOgBiokemi
Magnus;Dam;Sygeplejeske;BlodproeverOgBiokemi
Helle;Ibsen;Sygeplejeske;BlodproeverOgBiokemi
Silke;Eriksen;Sygeplejeske;BlodproeverOgBiokemi
Silke;Johansen;Sygeplejeske;BlodproeverOgBiokemi
Michael;Jessen;Sygeplejeske;BlodproeverOgBiokemi
Henry;Bang;Sygeplejeske;BlodproeverOgBiokemi
Jytte;Thorsen;Sygeplejeske;BlodproeverOgBiokemi
Mary;Vestergaard;Sygeplejeske;BlodproeverOgBiokemi
Otto;Gregersen;Sygeplejeske;BlodproeverOgBiokemi
Alfred;Bøttger;Sygeplejeske;BlodproeverOgBiokemi
Else;Nielsen;Sygeplejeske;BlodproeverOgBiokemi
Karoline;Krog;Sygeplejeske;BlodproeverOgBiokemi
Torben;Hald;Sygeplejeske;BlodproeverOgBiokemi
Birte;Pedersen;Sygeplejeske;BlodproeverOgBiokemi
Silke;Kjeldsen;Sygeplejeske;BlodproeverOgBiokemi
Gerda;Dam;Sygeplejeske;BlodproeverOgBiokemi
Poul;Thomassen;Sygeplejeske;BlodproeverOgBiokemi
Preben;Andersen;Sygeplejeske;BlodproeverOgBiokemi
Susanne;Søndergård;Sygeplejeske;BlodproeverOgBiokemi
Michael;Laustsen;Sygeplejeske;BlodproeverOgBiokemi
Per;Meinert;Sygeplejeske;BlodproeverOgBiokemi
Mathilde;Bonde;Sygeplejeske;BlodproeverOgBiokemi
Mathias;Søndergård;Sygeplejeske;BlodproeverOgBiokemi
Oliver;Steen;Sygeplejeske;BlodproeverOgBiokemi
Birgitte;Juhl;Sygeplejeske;BlodproeverOgBiokemi
Mads;Nørgaard;Sygeplejeske;BlodproeverOgBiokemi
Mogens;Jespersen;Sygeplejeske;BlodproeverOgBiokemi
Ole;Ranthe;Sygeplejeske;BlodproeverOgBiokemi
Signe;Juul;Sygeplejeske;BlodproeverOgBiokemi
Åge;Dahl;Sygeplejeske;BlodproeverOgBiokemi
Inge;Hedegaard;Sygeplejeske;BlodproeverOgBiokemi
Torben;Hansen ;Sygeplejeske;BlodproeverOgBiokemi
Knud;Dahl;Sygeplejeske;BlodproeverOgBiokemi
Pernille;Bundgård;Sygeplejeske;BlodproeverOgBiokemi
Mary;Henriksen;Sygeplejeske;BlodproeverOgBiokemi
Lone;Persson;Sygeplejeske;BlodproeverOgBiokemi
Sten;Brandt;Sygeplejeske;BlodproeverOgBiokemi
Karoline;Kjær;Sygeplejeske;BlodproeverOgBiokemi
Klara;Millang;Sygeplejeske;BlodproeverOgBiokemi
Henry;Henningsen;Sygeplejeske;BlodproeverOgBiokemi
Victoria;Nørgaard;Sygeplejeske;BlodproeverOgBiokemi
Pernille;Dam;Sygeplejeske;BlodproeverOgBiokemi
Åse;Ballin;Sygeplejeske;BlodproeverOgBiokemi
Silke;Nielsen;Sygeplejeske;BlodproeverOgBiokemi
Lene;Nygaard;Sygeplejeske;BlodproeverOgBiokemi
Victor;Meyer;Sygeplejeske;BlodproeverOgBiokemi
Victoria;Strandberg;Sygeplejeske;BlodproeverOgBiokemi
Bent;Hansen ;Sygeplejeske;BlodproeverOgBiokemi
Mads;Søgaard;Sygeplejeske;BlodproeverOgBiokemi
Kurt;Dybdahl;Sygeplejeske;BlodproeverOgBiokemi
Agnes;Lauritzen;Sygeplejeske;BlodproeverOgBiokemi
Per;Schou;Sygeplejeske;BlodproeverOgBiokemi
Henning;Bødker ;Sygeplejeske;BlodproeverOgBiokemi
Peter;Winther;Sygeplejeske;BlodproeverOgBiokemi
Kirstine;Huneke;Sygeplejeske;BlodproeverOgBiokemi
Kaj;Bisgaard;Sygeplejeske;BlodproeverOgBiokemi
Karoline;Laursen;Sygeplejeske;BlodproeverOgBiokemi
Louise;Jørgensen;Sygeplejeske;BlodproeverOgBiokemi
Egon;Huneke;Sygeplejeske;BlodproeverOgBiokemi
Lærke;Kjærsgaard;Sygeplejeske;BlodproeverOgBiokemi
Åge;Jacobsen;Sygeplejeske;BlodproeverOgBiokemi
Maja;Gregersen;Sygeplejeske;BlodproeverOgBiokemi
Jørgen;Solberg;Læge;BlodproeverOgBiokemi
Valdemar;Mørk;Læge;BlodproeverOgBiokemi
Andreas;Bang;Læge;BlodproeverOgBiokemi
Jytte;Krogh;Læge;BlodproeverOgBiokemi
Åge;Kjær;Læge;BlodproeverOgBiokemi
Kamilla;Hviid;Læge;BlodproeverOgBiokemi
Børge;Asmussen;Læge;BlodproeverOgBiokemi
Knud;Kofoed;Læge;BlodproeverOgBiokemi
Erik;Storm ;Læge;BlodproeverOgBiokemi
Marcus;Vestergaard;Læge;BlodproeverOgBiokemi
Oliver;Holm;Læge;BlodproeverOgBiokemi
Gerda;Fischer;Læge;BlodproeverOgBiokemi
Cecilie;Schou;Læge;BlodproeverOgBiokemi
Alfred;Kjærgaard;Læge;BlodproeverOgBiokemi
Holger;Steen;Læge;BlodproeverOgBiokemi
Christian;Jakobsen;Læge;BlodproeverOgBiokemi
Erik;Munk;Læge;BlodproeverOgBiokemi
Finn;Kirkegaard;Læge;BlodproeverOgBiokemi
Gerda;Dalsgaard;Læge;BlodproeverOgBiokemi
Jacob;Tvedebrink;Læge;BlodproeverOgBiokemi
Marianne;Olsson;Læge;BlodproeverOgBiokemi
Rasmus;Gregersen;Læge;BlodproeverOgBiokemi
Katrine;Mortensen;Læge;BlodproeverOgBiokemi
Oliver;Østergård;Læge;BlodproeverOgBiokemi
Martin;Pilmark;Læge;BlodproeverOgBiokemi
Søren;Hansen;Læge;BlodproeverOgBiokemi
Karina;Nygård;Læge;BlodproeverOgBiokemi
Jens;Matthesen;Læge;BlodproeverOgBiokemi
Mathilde;Thorø;Læge;BlodproeverOgBiokemi
Johanne;Christoffersen;Læge;BlodproeverOgBiokemi
Rasmus;Christoffersen;Læge;BlodproeverOgBiokemi
Helene;Tvedebrink;Læge;BlodproeverOgBiokemi
Jan;Nygård;Læge;BlodproeverOgBiokemi
Line;Holst;Ledende oversygeplejeske;Medicin
Henry;Lauritzen;Ledende overlæge;Medicin
Lærke;Matthesen;Sygeplejeske;Medicin
Svend;Dalgård;Sygeplejeske;Medicin
Søren;Steen;Sygeplejeske;Medicin
Valdemar;Vestergaard;Sygeplejeske;Medicin
Aage;Tvedebrink;Sygeplejeske;Medicin
Kristoffer;Berthelsen;Sygeplejeske;Medicin
Karen;Huneke;Sygeplejeske;Medicin
Irene;Clausager;Sygeplejeske;Medicin
Thomas;Schultz;Sygeplejeske;Medicin
Henry;Møller;Sygeplejeske;Medicin
Mads;Hemmingsen;Sygeplejeske;Medicin
Magnus;Spang;Sygeplejeske;Medicin
Anna;Kruse;Sygeplejeske;Medicin
Harald;Arreborg;Sygeplejeske;Medicin
Flemming;Asmussen;Sygeplejeske;Medicin
Birgit;Pedersen ;Sygeplejeske;Medicin
Kirsten;Thorø;Sygeplejeske;Medicin
Victor;Enevoldsen;Sygeplejeske;Medicin
Christian;Westermann;Sygeplejeske;Medicin
Oliver;Eskildsen;Sygeplejeske;Medicin
Jakob;Hermansen;Sygeplejeske;Medicin
Bodil;Søndergård;Sygeplejeske;Medicin
Poul;Søltoft;Sygeplejeske;Medicin
Erna;Meyer;Sygeplejeske;Medicin
Jens;Pilmark;Sygeplejeske;Medicin
Lise;Berthelsen;Sygeplejeske;Medicin
Karen;Buch;Sygeplejeske;Medicin
Lucas;Lauritzen;Sygeplejeske;Medicin
Nikolaj;Andersen;Sygeplejeske;Medicin
Anna;Arendt;Sygeplejeske;Medicin
Ida;Falk;Sygeplejeske;Medicin
Lone;Asmussen;Sygeplejeske;Medicin
Kristian;Talbot;Sygeplejeske;Medicin
Kim;Buhr;Sygeplejeske;Medicin
Lise;Huneke;Sygeplejeske;Medicin
Camilla;Stokholm;Sygeplejeske;Medicin
Mette;Karlsen;Sygeplejeske;Medicin
Arne;Jakobsen;Sygeplejeske;Medicin
Peter;Kristiansen;Sygeplejeske;Medicin
Mary;Hoffmann;Sygeplejeske;Medicin
Clara;Krogh;Sygeplejeske;Medicin
Henrik;Mathiesen;Sygeplejeske;Medicin
Margrethe;Mogensen;Sygeplejeske;Medicin
Anna;Nørgaard;Sygeplejeske;Medicin
Sofie;Kampmann;Sygeplejeske;Medicin
Susanne;Laustsen;Sygeplejeske;Medicin
Mads;Hougaard;Sygeplejeske;Medicin
Susanne;Berthelsen;Sygeplejeske;Medicin
Ove;Frederiksen;Sygeplejeske;Medicin
Marcus;Rohde;Sygeplejeske;Medicin
Oliver;Andreasen;Læge;Medicin
Amalie;Bang;Læge;Medicin
Caroline;Kjærgaard;Læge;Medicin
Flemming;Buch;Læge;Medicin
Abel;Holst;Læge;Medicin
Mathias;Bundgård;Læge;Medicin
Henry;Bratt;Læge;Medicin
Bente;Tvedebrink;Læge;Medicin
Jytte;Bak;Læge;Medicin
Birte;Mogensen;Læge;Medicin
Karen;Skov;Læge;Medicin
Helle;Østergård;Læge;Medicin
Åge;Birch;Læge;Medicin
Emilie;Stokholm;Læge;Medicin
Henning;Nygård;Læge;Medicin
Ole;Buch;Læge;Medicin
Victoria;Nikolajsen;Læge;Medicin
Helene;Thøgersen;Læge;Medicin
Susanne;Bjørnholt;Læge;Medicin
Jonas;Clausen;Læge;Medicin
Knud;Leth;Læge;Medicin
Marcus;Talbot;Læge;Medicin
Leif;Kristoffersen;Læge;Medicin
Gorm;Holm;Læge;Medicin
Camilla;Fischer;Læge;Medicin
Amalie;Holst;Læge;Medicin
Pernille;Hemmingsen;Læge;Medicin
Viggo;Bundgård;Læge;Medicin
Clara;Hedegaard;Læge;Medicin
Tobias;Mathiasen;Læge;Medicin
Maria;Mathiesen;Læge;Medicin
Niels;Villadsen;Læge;Medicin
Birgitte;Sandal;Ledende Overlæge;NeuroFysErgo
Birgitte;Egholm;Oversygeplejeske;NeuroFysErgo
Sebastian;Mærsk;Fysioterapeut;NeuroFysErgo
Sten;Rasmussen;Fysioterapeut;NeuroFysErgo
Gitte;Meyer;Fysioterapeut;NeuroFysErgo
Anne;Schrøder;Fysioterapeut;NeuroFysErgo
Johannes;Bjerregaard;Fysioterapeut;NeuroFysErgo
Lene;Sloth;Fysioterapeut;NeuroFysErgo
Finn;Overgaard;Fysioterapeut;NeuroFysErgo
Freja;Thomsen;Fysioterapeut;NeuroFysErgo
Birgitte;Dalgård;Fysioterapeut;NeuroFysErgo
Ulla;Thøgersen;Fysioterapeut;NeuroFysErgo
Holger;Kretz;Fysioterapeut;NeuroFysErgo
Emilie;Søndergård;Fysioterapeut;NeuroFysErgo
Mette;Solberg;Fysioterapeut;NeuroFysErgo
Harald;Lund;Fysioterapeut;NeuroFysErgo
Victor;Johansen;Fysioterapeut;NeuroFysErgo
Otto;Simonsen;Fysioterapeut;NeuroFysErgo
Lars;Kjærgaard;Fysioterapeut;NeuroFysErgo
Amalie;Nilsson;Fysioterapeut;NeuroFysErgo
Pelle;Thomsen;Fysioterapeut;NeuroFysErgo
Henrik;Taarnhøj;Fysioterapeut;NeuroFysErgo
Paul;FuhlenDorff;Fysioterapeut;NeuroFysErgo
Jonas;Østergård;Fysioterapeut;NeuroFysErgo
Gitte;Borg;Fysioterapeut;NeuroFysErgo
Ulla;Krogh;Fysioterapeut;NeuroFysErgo
Knud;Riis;Fysioterapeut;NeuroFysErgo
Emilie;Ravn;Fysioterapeut;NeuroFysErgo
Ellen;Thomassen;Fysioterapeut;NeuroFysErgo
Sebastian;Jeppesen;Fysioterapeut;NeuroFysErgo
Victoria;Rasmussen;Fysioterapeut;NeuroFysErgo
Kirsten;Christoffersen;Fysioterapeut;NeuroFysErgo
Peter;Ballin;Fysioterapeut;NeuroFysErgo
Maria;Holst;Fysioterapeut;NeuroFysErgo
Jakob;Hoffmann;Fysioterapeut;NeuroFysErgo
Ulla;Schmidt;Fysioterapeut;NeuroFysErgo
Egon;Arreborg;Fysioterapeut;NeuroFysErgo
Pelle;Henningsen;Fysioterapeut;NeuroFysErgo
Grethe;Nygaard;Fysioterapeut;NeuroFysErgo
Knud;Michelsen;Sygeplejeske;NeuroFysErgo
Ingeborg;Birch;Sygeplejeske;NeuroFysErgo
Susanne;Clausen;Ledende Overlæge;Nuklearmedicin
Edith;Holst;Ledende oversygeplejeske;Nuklearmedicin
Harald;Hansen;Læge;Nuklearmedicin
Josefine;Hermansen;Læge;Nuklearmedicin
Karoline;Carlsen;Læge;Nuklearmedicin
Mathilde;Koch;Læge;Nuklearmedicin
Elisabeth;Karlsen;Læge;Nuklearmedicin
Edith;Munk;Læge;Nuklearmedicin
Pelle;Ibsen;Læge;Nuklearmedicin
Jacob;Gade;Læge;Nuklearmedicin
Caroline;Mørk;Læge;Nuklearmedicin
Kristine;Jespersen;Læge;Nuklearmedicin
Torben;Hansen;Ledende overlæge;Kraeft
Lone;Geertsen;Ledende oversygeplejeske;Kraeft
Solveig;Klok;Ledende overlæge;Kraeft
Rikke;Nielsen;Overradiograf;Kraeft
Lis;Kallesoe;Sygeplejeske;Kraeft
Egon;Fischer;Sygeplejeske;Kraeft
Lucas;Ravn;Sygeplejeske;Kraeft
Bent;Bjørnholt;Sygeplejeske;Kraeft
Marianne;Simonsen;Sygeplejeske;Kraeft
Anna;Davidsen;Sygeplejeske;Kraeft
Line;Taarnhøj;Sygeplejeske;Kraeft
Clara;Kjærgaard;Sygeplejeske;Kraeft
Svend;Olsson;Sygeplejeske;Kraeft
Anne;Ravn;Sygeplejeske;Kraeft
Johannes;Persson;Sygeplejeske;Kraeft
Viggo;Kjærsgaard;Sygeplejeske;Kraeft
Sten;Lorenzen;Sygeplejeske;Kraeft
Lone;Iversen;Sygeplejeske;Kraeft
Edith;Bødker ;Sygeplejeske;Kraeft
Oluf;Dalgård;Sygeplejeske;Kraeft
Jacob;Søndergaard;Sygeplejeske;Kraeft
Mette;Krog ;Sygeplejeske;Kraeft
Mogens;Dybvad;Sygeplejeske;Kraeft
Jakob;Kruse;Sygeplejeske;Kraeft
Carl;Caspersen;Sygeplejeske;Kraeft
Margrethe;Andersen ;Sygeplejeske;Kraeft
Tove;Hviid;Sygeplejeske;Kraeft
Mogens;Poulsen;Sygeplejeske;Kraeft
Malene;Dalsgaard;Sygeplejeske;Kraeft
Åge;Schultz;Sygeplejeske;Kraeft
Marianne;Nørgård;Sygeplejeske;Kraeft
Flemming;Krog;Sygeplejeske;Kraeft
Gudrun;Thorsen;Sygeplejeske;Kraeft
Kamilla;Hoffmann;Sygeplejeske;Kraeft
Bente;Christoffersen;Sygeplejeske;Kraeft
Per;Nilsson;Sygeplejeske;Kraeft
Peder;Clausager;Sygeplejeske;Kraeft
Mads;Hjortshøj;Sygeplejeske;Kraeft
Lærke;Krog ;Sygeplejeske;Kraeft
Anna;Dybdahl;Sygeplejeske;Kraeft
Ingrid;Leth;Sygeplejeske;Kraeft
Daniel;Nørgaard;Sygeplejeske;Kraeft
Jan;Hviid;Sygeplejeske;Kraeft
Ruth;Hemmingsen;Sygeplejeske;Kraeft
Ingeborg;Topsøe;Sygeplejeske;Kraeft
Magnus;Carlsen;Sygeplejeske;Kraeft
Henry;Krog ;Sygeplejeske;Kraeft
Pelle;Albæk;Sygeplejeske;Kraeft
Cecilie;Poulsen;Sygeplejeske;Kraeft
Erik;Frost;Sygeplejeske;Kraeft
Sten;Juul;Sygeplejeske;Kraeft
Valdemar;Laursen;Sygeplejeske;Kraeft
Valdemar;Troelsgaard;Sygeplejeske;Kraeft
Karoline;Dahl;Sygeplejeske;Kraeft
Anders;Bertelsen;Sygeplejeske;Kraeft
Rasmus;Mølgård;Sygeplejeske;Kraeft
Karoline;Storm ;Sygeplejeske;Kraeft
Karoline;Lange;Sygeplejeske;Kraeft
Maria;Holst;Sygeplejeske;Kraeft
Erna;Øgendahl;Sygeplejeske;Kraeft
Marcus;Juul;Sygeplejeske;Kraeft
Birgit;Carstensen;Sygeplejeske;Kraeft
Lise;Enevoldsen;Sygeplejeske;Kraeft
Sebastian;Friis;Sygeplejeske;Kraeft
Harald;Stokholm;Sygeplejeske;Kraeft
Jette;Søgård;Sygeplejeske;Kraeft
Signe;Thygesen;Sygeplejeske;Kraeft
Freja;Madsen;Sygeplejeske;Kraeft
Malene;Skov;Sygeplejeske;Kraeft
Gorm;Christiansen;Sygeplejeske;Kraeft
Jacob;Johannesen;Sygeplejeske;Kraeft
Bodil;Lauridsen;Sygeplejeske;Kraeft
Helle;Steenstrup;Sygeplejeske;Kraeft
Karen;Jessen;Sygeplejeske;Kraeft
Gudrun;Kristiansen;Sygeplejeske;Kraeft
Hans;Birch;Sygeplejeske;Kraeft
Kim;Hedegaard;Sygeplejeske;Kraeft
Jacob;Paulsen;Sygeplejeske;Kraeft
Pernille;Kjærgaard;Sygeplejeske;Kraeft
Jytte;Svendsen;Sygeplejeske;Kraeft
Mary;Lange;Ledende oversygeplejeske;Ortopaedkirurgi
Joachim;Michelsen;Ledende overlæge;Ortopaedkirurgi
Søren;Huneke;Sygeplejeske;Ortopaedkirurgi
Alfred;Birch;Sygeplejeske;Ortopaedkirurgi
Margrethe;Rohde;Sygeplejeske;Ortopaedkirurgi
Gerda;Matthesen;Sygeplejeske;Ortopaedkirurgi
Mette;Lorentzen;Sygeplejeske;Ortopaedkirurgi
Helene;Østergaard;Sygeplejeske;Ortopaedkirurgi
Inger;Mikkelsen;Sygeplejeske;Ortopaedkirurgi
Søren;Koch;Sygeplejeske;Ortopaedkirurgi
Sofie;Bisgaard;Sygeplejeske;Ortopaedkirurgi
Jesper;Christiansen;Sygeplejeske;Ortopaedkirurgi
Bjarne;Lauritsen;Sygeplejeske;Ortopaedkirurgi
Camilla;Dybdahl;Sygeplejeske;Ortopaedkirurgi
Victor;Bundgaard;Sygeplejeske;Ortopaedkirurgi
Peter;Schultz;Sygeplejeske;Ortopaedkirurgi
Mette;Hedegaard;Sygeplejeske;Ortopaedkirurgi
Emil;Eskildsen;Sygeplejeske;Ortopaedkirurgi
Marie;Mouritsen;Sygeplejeske;Ortopaedkirurgi
Anne;Leth;Sygeplejeske;Ortopaedkirurgi
Kamilla;Bøttger;Sygeplejeske;Ortopaedkirurgi
Caroline;Carstensen;Sygeplejeske;Ortopaedkirurgi
Magnus;Thygesen;Sygeplejeske;Ortopaedkirurgi
Børge;Svensson;Sygeplejeske;Ortopaedkirurgi
Mads;Bang;Sygeplejeske;Ortopaedkirurgi
Pernille;Hjorth;Sygeplejeske;Ortopaedkirurgi
Julie;Andreasen;Sygeplejeske;Ortopaedkirurgi
Morten;Hougaard;Sygeplejeske;Ortopaedkirurgi
Hans;Lange;Sygeplejeske;Ortopaedkirurgi
Sebastian;Dybdahl;Sygeplejeske;Ortopaedkirurgi
Paul;Huneke;Sygeplejeske;Ortopaedkirurgi
Julie;Kjærsgaard;Sygeplejeske;Ortopaedkirurgi
Louise;Karlsen;Sygeplejeske;Ortopaedkirurgi
Oliver;Thorø;Sygeplejeske;Ortopaedkirurgi
Thomas;Ballin;Sygeplejeske;Ortopaedkirurgi
Tove;Villadsen;Sygeplejeske;Ortopaedkirurgi
Caroline;Kallesoe;Sygeplejeske;Ortopaedkirurgi
Nikolaj;Bødker ;Sygeplejeske;Ortopaedkirurgi
Julie;Nielsen;Sygeplejeske;Ortopaedkirurgi
Pelle;Bang;Sygeplejeske;Ortopaedkirurgi
Anna;Lorenzen;Sygeplejeske;Ortopaedkirurgi
Katrine;Carstensen;Sygeplejeske;Ortopaedkirurgi
Emilie;Bonde;Sygeplejeske;Ortopaedkirurgi
Egon;Tvedebrink;Sygeplejeske;Ortopaedkirurgi
Signe;Mathiesen;Sygeplejeske;Ortopaedkirurgi
Agnes;Carstensen;Sygeplejeske;Ortopaedkirurgi
Kasper;Holst;Sygeplejeske;Ortopaedkirurgi
Marianne;Danielsen;Sygeplejeske;Ortopaedkirurgi
Josefine;Justesen;Sygeplejeske;Ortopaedkirurgi
Signe;Frost;Sygeplejeske;Ortopaedkirurgi
Birte;Søndergård;Sygeplejeske;Ortopaedkirurgi
Tove;Klausen;Sygeplejeske;Ortopaedkirurgi
Karen;Ballin;Sygeplejeske;Ortopaedkirurgi
Børge;Kristoffersen;Sygeplejeske;Ortopaedkirurgi
Vibeke;Nilsson;Sygeplejeske;Ortopaedkirurgi
Jørgen;Kragh;Sygeplejeske;Ortopaedkirurgi
Joachim;Nissen;Sygeplejeske;Ortopaedkirurgi
Åse;Overgaard;Sygeplejeske;Ortopaedkirurgi
Edith;Storm ;Sygeplejeske;Ortopaedkirurgi
Klara;Svendsen;Sygeplejeske;Ortopaedkirurgi
Tove;Hermansen;Sygeplejeske;Ortopaedkirurgi
Poul;Eriksen;Sygeplejeske;Ortopaedkirurgi
Magnus;Rasmussen;Sygeplejeske;Ortopaedkirurgi
Mette;Michelsen;Sygeplejeske;Ortopaedkirurgi
Anne;Thomsen;Sygeplejeske;Ortopaedkirurgi
Kristoffer;Koch;Sygeplejeske;Ortopaedkirurgi
Grethe;Leth;Sygeplejeske;Ortopaedkirurgi
Harald;Nielsen;Sygeplejeske;Ortopaedkirurgi
Henning;Matthesen;Læge;Ortopaedkirurgi
Mathias;Mortensen;Læge;Ortopaedkirurgi
Grethe;Eriksen;Læge;Ortopaedkirurgi
Frederik;Dybvad;Læge;Ortopaedkirurgi
Jens;Millang;Læge;Ortopaedkirurgi
Magnus;Vinther;Læge;Ortopaedkirurgi
Sofie;Hunnerup;Læge;Ortopaedkirurgi
Åse;Fischer;Læge;Ortopaedkirurgi
Elisabeth;Brandt;Læge;Ortopaedkirurgi
Louise;Bak;Læge;Ortopaedkirurgi
Gudrun;Mørk;Læge;Ortopaedkirurgi
Børge;Panum;Læge;Ortopaedkirurgi
Erik;Lauritsen;Læge;Ortopaedkirurgi
Freja;Mærsk;Læge;Ortopaedkirurgi
Mathilde;Iversen;Læge;Ortopaedkirurgi
Edith;Thorsen;Læge;Ortopaedkirurgi
Maria;Toft;Læge;Ortopaedkirurgi
Inge;Bundgård;Læge;Ortopaedkirurgi
Caroline;Sørensen;Læge;Ortopaedkirurgi
Grethe;Lassen;Læge;Ortopaedkirurgi
Johanne;Topsøe;Læge;Ortopaedkirurgi
Mikkel;Bjerregaard;Læge;Ortopaedkirurgi
Ole;Andersen;Ledende overlæge;Palliativ
Kim;Kjærgaard;Ledende overlæge;Palliativ
Bente;Thorsen;Ledende psykolog;Palliativ
Kamilla;Steen;Ledende socialrådgiver;Palliativ
Silke;Lund;Ledende fysioterapeut;Palliativ
Emilie;Jeppesen;Fysioterapeut;Palliativ
Mikkel;Fischer;Fysioterapeut;Palliativ
Poul;Jeppesen;Fysioterapeut;Palliativ
Tove;Mathiasen;Fysioterapeut;Palliativ
Karoline;Jørgensen;Fysioterapeut;Palliativ
Åse;Petersen;Fysioterapeut;Palliativ
Åse;Dalgård;Fysioterapeut;Palliativ
Pelle;Rasmussen;Fysioterapeut;Palliativ
Oliver;Birch;Fysioterapeut;Palliativ
Alfred;Strandberg;Fysioterapeut;Palliativ
Jens;Henningsen;Fysioterapeut;Palliativ
Valdemar;Nygaard;Fysioterapeut;Palliativ
Morten;Rasmussen;Fysioterapeut;Palliativ
Tobias;Dalsgaard;Fysioterapeut;Palliativ
Ulla;Jakobsen;Fysioterapeut;Palliativ
Marie;Skov;Fysioterapeut;Palliativ
Ruth;Søndergård;Fysioterapeut;Palliativ
Inger;Meyer;Fysioterapeut;Palliativ
Lars;Søgård;Fysioterapeut;Palliativ
Freja;Jensen;Fysioterapeut;Palliativ
Henrik;Thøgersen;Fysioterapeut;Palliativ
Laura;Lange;Fysioterapeut;Palliativ
Harald;Christoffersen;Fysioterapeut;Palliativ
Mathilde;Dalsgaard;Fysioterapeut;Palliativ
Agnes;Hunnerup;Fysioterapeut;Palliativ
Jakob;Taarnhøj;Fysioterapeut;Palliativ
Edith;Hansen;Fysioterapeut;Palliativ
Susanne;Hansen ;Fysioterapeut;Palliativ
Magnus;Berg;Fysioterapeut;Palliativ
Tobias;Klausen;Fysioterapeut;Palliativ
Viggo;Johansen;Fysioterapeut;Palliativ
Pelle;Danielsen;Fysioterapeut;Palliativ
Birgit;Kjærsgaard;Fysioterapeut;Palliativ
Mathias;Overgård;Fysioterapeut;Palliativ
Jette;Bech;Fysioterapeut;Palliativ
Louise;Lund ;Fysioterapeut;Palliativ
Preben;Bonde;Fysioterapeut;Palliativ
Leif;Gade;Fysioterapeut;Palliativ
Bodil;Andersen;Fysioterapeut;Palliativ
Oluf;Davidsen;Fysioterapeut;Palliativ
Thomas;Nissen;Psykolog;Palliativ
Mikkel;Bech;Psykolog;Palliativ
Irene;Nilsson;Psykolog;Palliativ
Silke;Mathiasen;Psykolog;Palliativ
Mette;Kristoffersen;Psykolog;Palliativ
Christine;Hougaard;Psykolog;Palliativ
Maja;Larsen;Psykolog;Palliativ
Peder;Davidsen;Psykolog;Palliativ
Silke;Andersen;Psykolog;Palliativ
Jakob;Schou;Psykolog;Palliativ
Maria;Søndergaard;Psykolog;Palliativ
Caroline;Persson;Psykolog;Palliativ
Mads;Bertelsen;Psykolog;Palliativ
Frederik;Sørensen;Psykolog;Palliativ
Ingeborg;Frandsen;Psykolog;Palliativ
Rasmus;Kofoed;Psykolog;Palliativ
Valdemar;Olsson;Psykolog;Palliativ
Egon;Nikolajsen;Psykolog;Palliativ
Gitte;Frandsen;Psykolog;Palliativ
Lars;Kristiansen;Socialrådgiver;Palliativ
Morten;Bjerre;Socialrådgiver;Palliativ
Leif;Kristoffersen;Socialrådgiver;Palliativ
Leif;Kramp;Socialrådgiver;Palliativ
Daniel;Hermansen;Socialrådgiver;Palliativ
Henry;Nørgaard;Socialrådgiver;Palliativ
Per;Borg;Socialrådgiver;Palliativ
Tove;Hougaard;Socialrådgiver;Palliativ
Johannes;Jacobsen;Socialrådgiver;Palliativ
Finn;Thomsen;Socialrådgiver;Palliativ
Hanne;Bendtsen;Socialrådgiver;Palliativ
Irene;Hemmingsen;Socialrådgiver;Palliativ
Sofie;Topsøe;Socialrådgiver;Palliativ
Pelle;Krogh;Socialrådgiver;Palliativ
Emma;Berg;Socialrådgiver;Palliativ
Kim;Nørgaard;Socialrådgiver;Palliativ
Birgitte;Nygård;Læge;Palliativ
Laura;Munk;Læge;Palliativ
Henrik;Overgård;Læge;Palliativ
Bent;Topsøe;Læge;Palliativ
Magnus;Steffensen;Læge;Palliativ
Katrine;Winther;Sygeplejeske;Palliativ
Anders;Taarnhøj;Sygeplejeske;Palliativ
Paul;Mørk;Sygeplejeske;Palliativ
Victoria;Østergaard;Sygeplejeske;Palliativ
Ove;Brandt;Sygeplejeske;Palliativ
Kaj;Frost;Sygeplejeske;Palliativ
Vibeke;Sloth;Sygeplejeske;Palliativ
Pia;Vestergård;Sygeplejeske;Palliativ
Amalie;Kretz;Sygeplejeske;Palliativ
Emma;Mathiasen;Sygeplejeske;Palliativ
Sebastian;Overgaard;Sygeplejeske;Palliativ
Charlotte;Toft;Sygeplejeske;Palliativ
Kurt;Frische;Sygeplejeske;Palliativ
Lars;Lind;Sygeplejeske;Palliativ
Grethe;Berthelsen;Sygeplejeske;Palliativ
Niels;Passer ;Sygeplejeske;Palliativ
Emma;Kallesoe;Sygeplejeske;Palliativ
Otto;Kristensen;Sygeplejeske;Palliativ
Helene;Johannesen;Sygeplejeske;Palliativ
Morten;Karlsen;Sygeplejeske;Palliativ
Line;Fischer;Sygeplejeske;Palliativ
Freja;Damgård;Sygeplejeske;Palliativ
Flemming;Laustsen;Sygeplejeske;Palliativ
Peder;Andersen ;Sygeplejeske;Palliativ
Carl;Carlsen;Sygeplejeske;Palliativ
Christoffer;Ballin;Sygeplejeske;Palliativ
Daniel;Mortensen;Sygeplejeske;Palliativ
Josefine;Jensen;Sygeplejeske;Palliativ
Christine;Frandsen;Sygeplejeske;Palliativ
Hanne;Bundgård;Sygeplejeske;Palliativ
Harald;Carstensen;Sygeplejeske;Palliativ
Henning;Knudsen;Sygeplejeske;Palliativ
Pia;Schrøder;Sygeplejeske;Palliativ
Henry;Søltoft;Sygeplejeske;Palliativ
Michael;Spang;Sygeplejeske;Palliativ
Helle;Henningsen;Ledende oversygeplejeske;RoentgenOgSkanning
Niels;Søndergaard;Ledende overlæge;RoentgenOgSkanning
Kim;Juul;Ledende radiograf;RoentgenOgSkanning
Henning;Aagaard;Radiograf;RoentgenOgSkanning
Frederik;Hjorth;Radiograf;RoentgenOgSkanning
Laura;Kjeldsen;Radiograf;RoentgenOgSkanning
Kurt;Koch;Radiograf;RoentgenOgSkanning
Christine;Mikkelsen;Radiograf;RoentgenOgSkanning
Maja;Larsen;Radiograf;RoentgenOgSkanning
Tove;Persson;Radiograf;RoentgenOgSkanning
Kirsten;Sørensen;Radiograf;RoentgenOgSkanning
Lone;Svendsen;Radiograf;RoentgenOgSkanning
Bent;Taarnhøj;Radiograf;RoentgenOgSkanning
Lone;Schultz;Radiograf;RoentgenOgSkanning
Martin;Mathiasen;Radiograf;RoentgenOgSkanning
Klara;Thomassen;Radiograf;RoentgenOgSkanning
Birgitte;Thorsen;Radiograf;RoentgenOgSkanning
Paul;Bjørnholt;Radiograf;RoentgenOgSkanning
Kristoffer;Mathiasen;Radiograf;RoentgenOgSkanning
Daniel;Frische;Radiograf;RoentgenOgSkanning
Edith;Paulsen;Radiograf;RoentgenOgSkanning
Marcus;Kessler;Radiograf;RoentgenOgSkanning
Carl;Steen;Radiograf;RoentgenOgSkanning
Lucas;Lund ;Radiograf;RoentgenOgSkanning
Kirstine;Thomsen;Radiograf;RoentgenOgSkanning
Poul;Bech;Radiograf;RoentgenOgSkanning
Karoline;Storm ;Radiograf;RoentgenOgSkanning
Kaj;Buch;Radiograf;RoentgenOgSkanning
Emil;Bundgård;Radiograf;RoentgenOgSkanning
Peder;Berendsen;Radiograf;RoentgenOgSkanning
Sten;Krog;Radiograf;RoentgenOgSkanning
Magnus;Mærsk;Radiograf;RoentgenOgSkanning
Leif;Olsen;Læge;RoentgenOgSkanning
Malene;Brøgger;Læge;RoentgenOgSkanning
Flemming;Henningsen;Læge;RoentgenOgSkanning
Josefine;Vestager;Læge;RoentgenOgSkanning
Louise;Søgård;Læge;RoentgenOgSkanning
Pernille;Møller;Læge;RoentgenOgSkanning
Louise;Winther;Læge;RoentgenOgSkanning
Mogens;Sørensen;Læge;RoentgenOgSkanning
Karina;Hansen;Læge;RoentgenOgSkanning
Malene;Munk;Læge;RoentgenOgSkanning
Morten;Clausen;Læge;RoentgenOgSkanning
Kristian;Simonsen;Læge;RoentgenOgSkanning
Bente;Friis;Læge;RoentgenOgSkanning
Kristoffer;Søltoft;Sygeplejeske;RoentgenOgSkanning
Bjarne;Beck;Sygeplejeske;RoentgenOgSkanning
Aage;Sloth;Sygeplejeske;RoentgenOgSkanning
Grethe;Fischer;Sygeplejeske;RoentgenOgSkanning
Michael;Henriksen;Sygeplejeske;RoentgenOgSkanning
Daniel;Villadsen;Sygeplejeske;RoentgenOgSkanning
Martin;Sloth;Sygeplejeske;RoentgenOgSkanning
Karen;Mørk;Sygeplejeske;RoentgenOgSkanning
Helle;Olsen;Sygeplejeske;RoentgenOgSkanning
Pelle;Christensen;Sygeplejeske;RoentgenOgSkanning
Niels;Øgendahl;Sygeplejeske;RoentgenOgSkanning
Kamilla;Borg;Sygeplejeske;RoentgenOgSkanning
Maria;Huneke;Sygeplejeske;RoentgenOgSkanning
Poul;Thorsen;Sygeplejeske;RoentgenOgSkanning
Tobias;Kallesoe;Sygeplejeske;RoentgenOgSkanning
Carl;Strandberg;Sygeplejeske;RoentgenOgSkanning
Anna;Dalgård;Sygeplejeske;RoentgenOgSkanning
Inger;Holm;Sygeplejeske;RoentgenOgSkanning
Julie;Øgendahl;Sygeplejeske;RoentgenOgSkanning
Morten;Madsen;Sygeplejeske;RoentgenOgSkanning
Lærke;Knudsen;Sygeplejeske;RoentgenOgSkanning
Marcus;Lorenzen;Sygeplejeske;RoentgenOgSkanning
Michael;Østergård;Sygeplejeske;RoentgenOgSkanning
Pelle;Mikkelsen;Sygeplejeske;RoentgenOgSkanning
Emilie;Kirkegaard;Sygeplejeske;RoentgenOgSkanning
Gudrun;Bøttger;Sygeplejeske;RoentgenOgSkanning
Poul;Stokholm;Sygeplejeske;RoentgenOgSkanning
Henry;Bernstorff;Sygeplejeske;RoentgenOgSkanning
Knud;Øgendahl;Sygeplejeske;RoentgenOgSkanning
Klara;Lassen;Sygeplejeske;RoentgenOgSkanning
Karen;Dahl;Sygeplejeske;RoentgenOgSkanning
Edith;Koch;Sygeplejeske;RoentgenOgSkanning
Charlotte;Hansen;Sygeplejeske;RoentgenOgSkanning
Mogens;Lange;Sygeplejeske;RoentgenOgSkanning
Valdemar;Kruse;Sygeplejeske;RoentgenOgSkanning
Preben;Ibsen;Sygeplejeske;RoentgenOgSkanning
Kristine;Fischer;Sygeplejeske;RoentgenOgSkanning
Ruth;Christiansen;Sygeplejeske;RoentgenOgSkanning
Peter;Lorentzen;Sygeplejeske;RoentgenOgSkanning
Tobias;Schou;Sygeplejeske;RoentgenOgSkanning
Henning;Lange;Sygeplejeske;RoentgenOgSkanning
Klara;Leth;Sygeplejeske;RoentgenOgSkanning
Jesper;Schmidt;Sygeplejeske;RoentgenOgSkanning
Marcus;Huneke;Sygeplejeske;RoentgenOgSkanning
Lars;Vestager;Sygeplejeske;RoentgenOgSkanning
Anna;Holm;Sygeplejeske;RoentgenOgSkanning
Flemming;Andersen ;Sygeplejeske;RoentgenOgSkanning
Christoffer;Mærsk;Sygeplejeske;RoentgenOgSkanning
Emil;Østergård;Sygeplejeske;RoentgenOgSkanning
Camilla;Olsson;Sygeplejeske;RoentgenOgSkanning
Martin;Jespersen;Sygeplejeske;RoentgenOgSkanning
Flemming;Gade;Sygeplejeske;RoentgenOgSkanning
Laura;Thomassen;Sygeplejeske;RoentgenOgSkanning
Kurt;Clausager;Sygeplejeske;RoentgenOgSkanning
Bente;Nørgaard;Sygeplejeske;RoentgenOgSkanning
Magnus;Ibsen;Sygeplejeske;RoentgenOgSkanning
Susanne;Talbot;Sygeplejeske;RoentgenOgSkanning
Caroline;Thorsen;Sygeplejeske;RoentgenOgSkanning
Finn;Vestergård;Sygeplejeske;RoentgenOgSkanning
Carl;Caspersen;Sygeplejeske;RoentgenOgSkanning
Vibeke;Jespersen;Sygeplejeske;RoentgenOgSkanning
Ruth;Spang;Sygeplejeske;RoentgenOgSkanning
Joachim;Østergaard;Sygeplejeske;RoentgenOgSkanning
Birgitte;Bjerre;Sygeplejeske;RoentgenOgSkanning
Victoria;Østergaard;Sygeplejeske;RoentgenOgSkanning
Victor;Christensen;Sygeplejeske;RoentgenOgSkanning
Martin;Ibsen;Sygeplejeske;RoentgenOgSkanning
Inger;Hemmingsen;Sygeplejeske;RoentgenOgSkanning
Anders;Bang;Sygeplejeske;RoentgenOgSkanning
Preben;Falk;Sygeplejeske;RoentgenOgSkanning
Joachim;Sloth;Ledende overlæge;SocialmedicinOgRehab
Åge;Bratt;Ledende oversygeplejeske;SocialmedicinOgRehab
Lars;Meyer;Læge;SocialmedicinOgRehab
Mathilde;Dyrholm;Læge;SocialmedicinOgRehab
Ingrid;Carlsen;Læge;SocialmedicinOgRehab
Anna;Mikkelsen;Læge;SocialmedicinOgRehab
Johannes;Dahl;Læge;SocialmedicinOgRehab
Gerda;Mærsk;Læge;SocialmedicinOgRehab
Lise;Søgård;Læge;SocialmedicinOgRehab
Lis;Schrøder;Læge;SocialmedicinOgRehab
Ruth;Riis;Læge;SocialmedicinOgRehab
Tove;Mogensen;Læge;SocialmedicinOgRehab
Mads;Andreasen;Læge;SocialmedicinOgRehab
Lis;Mølgaard;Læge;SocialmedicinOgRehab
Flemming;Skov;Læge;SocialmedicinOgRehab
Kristine;Kjærgård;Læge;SocialmedicinOgRehab
Birgitte;Krog;Læge;SocialmedicinOgRehab
Jacob;Borg;Læge;SocialmedicinOgRehab
Bente;Kristensen;Læge;SocialmedicinOgRehab
Harald;Villadsen;Læge;SocialmedicinOgRehab
Lene;Bang;Læge;SocialmedicinOgRehab
Abel;Gregersen;Læge;SocialmedicinOgRehab
Erik;Jacobsen;Læge;SocialmedicinOgRehab
Freja;Dybvad;Læge;SocialmedicinOgRehab
Mads;Bjerre;Sygeplejeske;SocialmedicinOgRehab
Vibeke;Hjortshøj;Sygeplejeske;SocialmedicinOgRehab
Preben;Clausen;Sygeplejeske;SocialmedicinOgRehab
Kristoffer;Prahl;Sygeplejeske;SocialmedicinOgRehab
Christine;Mølgård;Sygeplejeske;SocialmedicinOgRehab
Bjarne;Nygård;Sygeplejeske;SocialmedicinOgRehab
Thomas;Justesen;Sygeplejeske;SocialmedicinOgRehab
Finn;Brandt;Sygeplejeske;SocialmedicinOgRehab
Jytte;Bonde;Sygeplejeske;SocialmedicinOgRehab
Bent;Frische;Sygeplejeske;SocialmedicinOgRehab
Christine;Nørgård;Sygeplejeske;SocialmedicinOgRehab
Anne;Justesen;Sygeplejeske;SocialmedicinOgRehab
Lene;Nørgård;Sygeplejeske;SocialmedicinOgRehab
Pernille;Hviid;Sygeplejeske;SocialmedicinOgRehab
Irene;Kristoffersen;Sygeplejeske;SocialmedicinOgRehab
Bente;Svensson;Sygeplejeske;SocialmedicinOgRehab
Ingrid;Frische;Sygeplejeske;SocialmedicinOgRehab
Grethe;Henningsen;Sygeplejeske;SocialmedicinOgRehab
Preben;Mikkelsen;Sygeplejeske;SocialmedicinOgRehab
Mikkel;Krog ;Sygeplejeske;SocialmedicinOgRehab
Kurt;Talbot;Sygeplejeske;SocialmedicinOgRehab
Kurt;Kirkegaard;Sygeplejeske;SocialmedicinOgRehab
Paul;Schack ;Sygeplejeske;SocialmedicinOgRehab
Jette;Frederiksen;Sygeplejeske;SocialmedicinOgRehab
Daniel;Bjerre;Sygeplejeske;SocialmedicinOgRehab
Lærke;Thomassen;Sygeplejeske;SocialmedicinOgRehab
Bodil;Meinert;Sygeplejeske;SocialmedicinOgRehab
Kristine;Pedersen ;Sygeplejeske;SocialmedicinOgRehab
Agnes;Buch;Sygeplejeske;SocialmedicinOgRehab
Karoline;Svensson;Sygeplejeske;SocialmedicinOgRehab
Mogens;Jørgensen;Sygeplejeske;SocialmedicinOgRehab
Christine;Buch;Sygeplejeske;SocialmedicinOgRehab
John;Thorø;Sygeplejeske;SocialmedicinOgRehab
Inge;Riis;Sygeplejeske;SocialmedicinOgRehab
Harald;Buhr;Sygeplejeske;SocialmedicinOgRehab
Louise;Justesen;Sygeplejeske;SocialmedicinOgRehab
Ruth;Overgaard;Sygeplejeske;SocialmedicinOgRehab
Poul;Thorsen;Sygeplejeske;SocialmedicinOgRehab
Ruth;Topsøe;Sygeplejeske;SocialmedicinOgRehab
Karen;Frandsen;Sygeplejeske;SocialmedicinOgRehab
Bent;Lorenzen;Sygeplejeske;SocialmedicinOgRehab
Jette;Sørensen;Sygeplejeske;SocialmedicinOgRehab
John;Falk;Sygeplejeske;SocialmedicinOgRehab
Jakob;Knudsen;Sygeplejeske;SocialmedicinOgRehab
Jacob;Madsen;Sygeplejeske;SocialmedicinOgRehab
Arne;Juul;Sygeplejeske;SocialmedicinOgRehab
Peder;Dyrholm;Sygeplejeske;SocialmedicinOgRehab
Kirstine;Talbot;Sygeplejeske;SocialmedicinOgRehab
Kristian;Munk;Ledende Overlæge;Urinvejskirurgisk
Henrik;Hjorth;Læge;Urinvejskirurgisk
Lone;Bruun;Læge;Urinvejskirurgisk
Line;Nissen;Læge;Urinvejskirurgisk
Jytte;Jeppesen;Læge;Urinvejskirurgisk
Louise;Dybvad;Læge;Urinvejskirurgisk
Victor;Ranthe;Læge;Urinvejskirurgisk
Susanne;Thomassen;Læge;Urinvejskirurgisk
Ove;Lassen;Læge;Urinvejskirurgisk
Finn;Gregersen;Læge;Urinvejskirurgisk
Vibeke;Justesen;Sygeplejeske;Urinvejskirurgisk
Ingrid;Winther;Sygeplejeske;Urinvejskirurgisk
Valdemar;Bundgård;Sygeplejeske;Urinvejskirurgisk
John;Juul;Sygeplejeske;Urinvejskirurgisk
Magnus;Rohde;Sygeplejeske;Urinvejskirurgisk
Clara;Sloth;Sygeplejeske;Urinvejskirurgisk
Svend;Skov;Sygeplejeske;Urinvejskirurgisk
Kristian;Winther;Sygeplejeske;Urinvejskirurgisk
Birte;Thøgersen;Sygeplejeske;Urinvejskirurgisk
Henrik;Winther;Sygeplejeske;Urinvejskirurgisk
Helle;Asmussen;Sygeplejeske;Urinvejskirurgisk
Niels;Øgendahl;Sygeplejeske;Urinvejskirurgisk
Mathilde;Simonsen;Sygeplejeske;Urinvejskirurgisk
Lucas;Munk;Sygeplejeske;Urinvejskirurgisk
Ingrid;Kjær;Sygeplejeske;Urinvejskirurgisk
Nikolaj;Birch;Sygeplejeske;Urinvejskirurgisk
Egon;Sloth;Sygeplejeske;Urinvejskirurgisk
Lone;Christensen;Sygeplejeske;Urinvejskirurgisk
Karoline;Bøttger;Sygeplejeske;Urinvejskirurgisk
Søren;Beck;Sygeplejeske;Urinvejskirurgisk
Birgitte;Strandberg;Sygeplejeske;Urinvejskirurgisk
Kaj;Ravn;Sygeplejeske;Urinvejskirurgisk
Louise;Matthesen;Sygeplejeske;Urinvejskirurgisk
Amalie;Villadsen;Sygeplejeske;Urinvejskirurgisk
Poul;Vinther;Sygeplejeske;Urinvejskirurgisk
Holger;Olsson;Sygeplejeske;Urinvejskirurgisk
Josefine;Bøttger;Sygeplejeske;Urinvejskirurgisk
Frederik;Clausager;Sygeplejeske;Urinvejskirurgisk
Harald;Thorsen;Sygeplejeske;Urinvejskirurgisk
Emilie;Christiansen;Sygeplejeske;Urinvejskirurgisk
Maria;Jakobsen;Sygeplejeske;Urinvejskirurgisk
Victor;Bernstorff;Sygeplejeske;Urinvejskirurgisk
Clara;Topsøe;Sygeplejeske;Urinvejskirurgisk
Amalie;Jakobsen;Sygeplejeske;Urinvejskirurgisk
Henrik;Falk;Sygeplejeske;Urinvejskirurgisk
Kirsten;Kampmann;Sygeplejeske;Urinvejskirurgisk
Irene;Borg;Sygeplejeske;Urinvejskirurgisk
Åse;Bødker ;Sygeplejeske;Urinvejskirurgisk
Helle;Hemmingsen;Sygeplejeske;Urinvejskirurgisk
Lars;Jespersen;Sygeplejeske;Urinvejskirurgisk
Sebastian;Jespersen;Sygeplejeske;Urinvejskirurgisk
Børge;Berg;Sygeplejeske;Urinvejskirurgisk
Jesper;Kessler;Sygeplejeske;Urinvejskirurgisk
Christoffer;Klausen;Sygeplejeske;Urinvejskirurgisk
Irene;Klausen;Sygeplejeske;Urinvejskirurgisk
Gorm;Mathiasen;Sygeplejeske;Urinvejskirurgisk
Victoria;Kjærgård;Sygeplejeske;Urinvejskirurgisk
Aage;Steen;Sygeplejeske;Urinvejskirurgisk
Pelle;Falk;Sygeplejeske;Urinvejskirurgisk
Jesper;Søndergård;Sygeplejeske;Urinvejskirurgisk
Aage;Schack ;Sygeplejeske;Urinvejskirurgisk
Alfred;Pedersen ;Sygeplejeske;Urinvejskirurgisk
Bodil;Poulsen;Sygeplejeske;Urinvejskirurgisk
Julie;Kjærgaard;Sygeplejeske;Urinvejskirurgisk
Gorm;Pedersen;Sygeplejeske;Urinvejskirurgisk
Aage;Hviid;Sygeplejeske;Urinvejskirurgisk
Edith;Aagaard;Sygeplejeske;Urinvejskirurgisk
Ove;Nikolajsen;Sygeplejeske;Urinvejskirurgisk
Mikkel;Kjær;Sygeplejeske;Urinvejskirurgisk
Louise;Kampmann;Sygeplejeske;Urinvejskirurgisk
Henning;Bundgård;Sygeplejeske;Urinvejskirurgisk
Victoria;Johansen;Sygeplejeske;Urinvejskirurgisk
Åge;Karlsen;Sygeplejeske;Urinvejskirurgisk
Camilla;Laustsen;Ledende overlæge;Oejen
Louise;Bøttger;Læge;Oejen
Klara;Hviid;Læge;Oejen
Mary;Østergaard;Læge;Oejen
Frederik;Mathiesen;Læge;Oejen
Grethe;Bak;Læge;Oejen
Lene;Lorentzen;Læge;Oejen
Victor;Jacobsen;Ledende overlæge;OereNaeseHals
Laura;Andreasen;Ledende oversygeplejeske;OereNaeseHals
Mathias;Eskildsen;Læge;OereNaeseHals
Mogens;Krogh;Læge;OereNaeseHals
Kirsten;Lind;Læge;OereNaeseHals
Pelle;Eskildsen;Læge;OereNaeseHals
Aage;Kramp;Læge;OereNaeseHals
Laura;Clausen;Læge;OereNaeseHals
Jakob;Krog ;Læge;OereNaeseHals
Mogens;Leth;Læge;OereNaeseHals
Otto;Christensen;Læge;OereNaeseHals
Christian;Bak;Sygeplejeske;OereNaeseHals
Tobias;Henriksen;Sygeplejeske;OereNaeseHals
Marcus;Bjerre;Sygeplejeske;OereNaeseHals
Bent;Jørgensen;Sygeplejeske;OereNaeseHals
Klara;Falk;Sygeplejeske;OereNaeseHals
Silke;Hansen;Sygeplejeske;OereNaeseHals
Anne;Nygaard;Sygeplejeske;OereNaeseHals
Holger;Olesen;Sygeplejeske;OereNaeseHals
Niels;Kjeldsen;Sygeplejeske;OereNaeseHals
Poul;Kirkegaard;Sygeplejeske;OereNaeseHals
Finn;Madsen;Sygeplejeske;OereNaeseHals
Edith;Asmussen;Sygeplejeske;OereNaeseHals
Ulla;Hjorth;Sygeplejeske;OereNaeseHals
Bodil;Vinther;Sygeplejeske;OereNaeseHals
Irene;Hjortshøj;Sygeplejeske;OereNaeseHals
Henning;Kjærgaard;Sygeplejeske;OereNaeseHals
Ruth;Johannesen;Sygeplejeske;OereNaeseHals
Amalie;Jeppesen;Sygeplejeske;OereNaeseHals
Else;Bjerre;Sygeplejeske;OereNaeseHals
Flemming;Lange;Sygeplejeske;OereNaeseHals
Abel;Ravn;Sygeplejeske;OereNaeseHals
Anders;Østergaard;Sygeplejeske;OereNaeseHals
Henning;Lauritzen;Sygeplejeske;OereNaeseHals
Maja;Lorenzen;Sygeplejeske;OereNaeseHals
Aage;Schou;Sygeplejeske;OereNaeseHals
Gerda;Christiansen;Sygeplejeske;OereNaeseHals
Otto;Michelsen;Sygeplejeske;OereNaeseHals
Amalie;Talbot;Sygeplejeske;OereNaeseHals
Kirstine;Nikolajsen;Sygeplejeske;OereNaeseHals
Lærke;Bendtsen;Sygeplejeske;OereNaeseHals
Magnus;Overgaard;Sygeplejeske;OereNaeseHals
Katrine;Kjærgaard;Sygeplejeske;OereNaeseHals
Henry;Thorsen;Sygeplejeske;OereNaeseHals
Jens;Bisgård;Sygeplejeske;OereNaeseHals
Preben;Thygesen;Sygeplejeske;OereNaeseHals
Oluf;Bak;Sygeplejeske;OereNaeseHals
Ingeborg;Mouritsen;Sygeplejeske;OereNaeseHals
Ida;Nørgård;Sygeplejeske;OereNaeseHals
Else;Nikolajsen;Sygeplejeske;OereNaeseHals
Flemming;Nissen;Sygeplejeske;OereNaeseHals
Bodil;Søndergaard;Sygeplejeske;OereNaeseHals
Morten;Frost;Sygeplejeske;OereNaeseHals
Louise;Skov;Sygeplejeske;OereNaeseHals
Caroline;Henriksen;Sygeplejeske;OereNaeseHals
Kirsten;Jacobsen;Sygeplejeske;OereNaeseHals
Anne;Laustsen;Sygeplejeske;OereNaeseHals
Marcus;Steffensen;Sygeplejeske;OereNaeseHals
Kaj;Brøgger;Sygeplejeske;OereNaeseHals
Carl;Steen;Sygeplejeske;OereNaeseHals
Gitte;Clausager;Sygeplejeske;OereNaeseHals
Peder;Jespersen;Læge;OereNaeseHals
